frame,bb,face_id,face_detect_conf,tracking_conf,sex_label,sex_decision_function,avg_sex_decision_function,avg_sex_label
0,"(61, 100, 274, 313)",0,0.998,,f,-9.418,-9.679,f
0,"(951, -6, 1130, 173)",1,0.988,,m,11.651,11.401,m
0,"(743, 17, 933, 206)",2,0.987,,f,-6.322,-6.520,f
0,"(557, 199, 733, 375)",3,0.934,,m,18.188,16.904,m
0,"(312, 161, 496, 346)",4,0.809,,f,-12.741,-15.173,f
1,"(61, 100, 275, 314)",0,,27.877,f,-9.716,-9.679,f
1,"(951, -5, 1130, 174)",1,,27.540,m,11.691,11.401,m
1,"(744, 18, 933, 207)",2,,27.458,f,-6.430,-6.520,f
1,"(557, 199, 733, 375)",3,,27.914,m,17.957,16.904,m
1,"(312, 161, 497, 346)",4,,28.518,f,-13.114,-15.173,f
2,"(61, 101, 276, 315)",0,,26.778,f,-10.289,-9.679,f
2,"(951, -4, 1131, 175)",1,,28.059,m,11.820,11.401,m
2,"(744, 19, 933, 208)",2,,27.855,f,-7.317,-6.520,f
2,"(558, 200, 734, 376)",3,,27.863,m,18.926,16.904,m
2,"(312, 162, 497, 347)",4,,28.257,f,-12.413,-15.173,f
3,"(61, 102, 276, 317)",0,,27.425,f,-9.542,-9.679,f
3,"(951, -4, 1131, 175)",1,,25.679,m,11.550,11.401,m
3,"(744, 22, 926, 205)",2,,18.110,f,-5.546,-6.520,f
3,"(559, 200, 734, 376)",3,,27.995,m,19.033,16.904,m
3,"(312, 162, 497, 347)",4,,27.597,f,-11.890,-15.173,f
4,"(61, 102, 277, 317)",0,,25.579,f,-9.032,-9.679,f
4,"(951, -4, 1130, 174)",1,,26.128,m,11.030,11.401,m
4,"(743, 19, 936, 212)",2,,23.842,f,-7.077,-6.520,f
4,"(561, 199, 739, 377)",3,,21.425,m,19.007,16.904,m
4,"(312, 162, 497, 347)",4,,26.168,f,-12.604,-15.173,f
5,"(64, 107, 276, 319)",0,0.995,25.870,f,-10.944,-9.679,f
5,"(949, -6, 1130, 174)",1,0.988,27.225,m,11.666,11.401,m
5,"(744, 18, 932, 206)",2,0.977,19.574,f,-7.490,-6.520,f
5,"(559, 199, 735, 374)",3,0.954,27.613,m,19.374,16.904,m
5,"(311, 162, 497, 347)",4,0.784,28.666,f,-12.777,-15.173,f
6,"(64, 107, 276, 319)",0,,28.626,f,-9.954,-9.679,f
6,"(949, -7, 1130, 173)",1,,27.364,m,12.064,11.401,m
6,"(744, 17, 932, 205)",2,,26.646,f,-7.803,-6.520,f
6,"(562, 197, 740, 376)",3,,22.344,m,20.466,16.904,m
6,"(312, 159, 502, 350)",4,,22.239,f,-12.572,-15.173,f
7,"(65, 107, 277, 319)",0,,28.274,f,-9.268,-9.679,f
7,"(953, -7, 1133, 172)",1,,20.230,m,13.732,11.401,m
7,"(745, 14, 938, 207)",2,,20.560,f,-8.569,-6.520,f
7,"(560, 199, 736, 374)",3,,26.083,m,18.729,16.904,m
7,"(312, 161, 497, 347)",4,,25.918,f,-12.929,-15.173,f
8,"(66, 107, 278, 319)",0,,27.958,f,-7.539,-9.679,f
8,"(950, -8, 1131, 172)",1,,26.082,m,12.275,11.401,m
8,"(744, 16, 933, 205)",2,,25.674,f,-7.124,-6.520,f
8,"(563, 197, 742, 376)",3,,22.540,m,20.071,16.904,m
8,"(314, 159, 504, 350)",4,,23.380,f,-12.512,-15.173,f
9,"(68, 105, 286, 322)",0,,22.746,f,-8.689,-9.679,f
9,"(955, -7, 1134, 170)",1,,20.335,m,12.677,11.401,m
9,"(746, 13, 939, 207)",2,,21.297,f,-7.791,-6.520,f
9,"(562, 198, 738, 374)",3,,25.665,m,19.106,16.904,m
9,"(313, 161, 499, 347)",4,,25.949,f,-13.227,-15.173,f
10,"(65, 104, 280, 319)",0,0.995,27.322,f,-8.899,-9.679,f
10,"(952, -6, 1135, 176)",1,0.990,26.032,m,12.392,11.401,m
10,"(746, 16, 934, 205)",2,0.986,25.568,f,-5.525,-6.520,f
10,"(561, 198, 736, 373)",3,0.926,26.344,m,18.758,16.904,m
10,"(316, 161, 500, 345)",4,0.785,20.454,f,-12.603,-15.173,f
11,"(67, 102, 287, 321)",0,,22.152,f,-7.791,-9.679,f
11,"(956, -6, 1139, 176)",1,,22.666,m,10.454,11.401,m
11,"(746, 16, 934, 205)",2,,27.386,f,-5.597,-6.520,f
11,"(563, 196, 742, 375)",3,,21.851,m,19.744,16.904,m
11,"(317, 159, 505, 347)",4,,22.282,f,-12.839,-15.173,f
12,"(66, 102, 281, 318)",0,,26.953,f,-9.199,-9.679,f
12,"(953, -6, 1136, 176)",1,,26.583,m,12.508,11.401,m
12,"(746, 16, 935, 205)",2,,27.947,f,-4.103,-6.520,f
12,"(562, 197, 737, 372)",3,,25.716,m,18.549,16.904,m
12,"(317, 160, 501, 344)",4,,27.151,f,-14.127,-15.173,f
13,"(68, 99, 288, 319)",0,,21.493,f,-6.603,-9.679,f
13,"(957, -6, 1140, 176)",1,,20.508,m,12.970,11.401,m
13,"(746, 16, 935, 205)",2,,27.571,f,-3.847,-6.520,f
13,"(563, 195, 743, 374)",3,,20.645,m,20.380,16.904,m
13,"(318, 158, 506, 346)",4,,21.634,f,-12.943,-15.173,f
14,"(67, 101, 282, 315)",0,,25.927,f,-6.982,-9.679,f
14,"(953, -7, 1137, 176)",1,,25.808,m,12.634,11.401,m
14,"(746, 17, 935, 206)",2,,26.653,f,-3.933,-6.520,f
14,"(557, 194, 736, 374)",3,,17.552,m,19.783,16.904,m
14,"(315, 161, 497, 343)",4,,18.723,f,-13.250,-15.173,f
15,"(67, 101, 283, 317)",0,0.999,24.755,f,-8.066,-9.679,f
15,"(950, -7, 1133, 175)",1,0.987,19.573,m,12.236,11.401,m
15,"(745, 15, 939, 209)",2,0.987,24.991,f,-3.222,-6.520,f
15,"(562, 198, 736, 372)",3,0.939,21.028,m,17.856,16.904,m
15,"(316, 159, 501, 344)",4,0.779,26.824,f,-13.100,-15.173,f
16,"(67, 101, 283, 317)",0,,27.070,f,-8.695,-9.679,f
16,"(946, -6, 1129, 175)",1,,18.212,m,12.122,11.401,m
16,"(744, 15, 939, 210)",2,,27.672,f,-3.360,-6.520,f
16,"(560, 199, 732, 371)",3,,18.474,m,17.385,16.904,m
16,"(315, 161, 495, 341)",4,,18.625,f,-12.405,-15.173,f
17,"(65, 104, 277, 315)",0,,18.888,f,-6.647,-9.679,f
17,"(949, -7, 1133, 176)",1,,26.752,m,10.697,11.401,m
17,"(744, 19, 932, 207)",2,,19.679,f,-4.746,-6.520,f
17,"(565, 199, 739, 372)",3,,20.630,m,17.845,16.904,m
17,"(316, 157, 506, 346)",4,,20.489,f,-12.137,-15.173,f
18,"(66, 102, 282, 318)",0,,25.989,f,-8.836,-9.679,f
18,"(945, -7, 1129, 176)",1,,19.553,m,12.267,11.401,m
18,"(744, 17, 938, 211)",2,,25.524,f,-4.138,-6.520,f
18,"(563, 199, 733, 369)",3,,23.978,m,19.152,16.904,m
18,"(316, 162, 491, 337)",4,,17.697,f,-13.657,-15.173,f
19,"(63, 105, 275, 316)",0,,20.514,f,-6.566,-9.679,f
19,"(948, -7, 1132, 176)",1,,26.449,m,11.455,11.401,m
19,"(743, 20, 931, 207)",2,,18.939,f,-4.788,-6.520,f
19,"(562, 199, 736, 373)",3,,26.889,m,17.389,16.904,m
19,"(316, 157, 504, 345)",4,,21.197,f,-13.507,-15.173,f
20,"(64, 100, 281, 317)",0,0.998,26.630,f,-6.100,-9.679,f
20,"(951, -7, 1133, 174)",1,0.991,21.908,m,12.138,11.401,m
20,"(742, 17, 939, 214)",2,0.982,27.614,f,-5.151,-6.520,f
20,"(560, 198, 738, 375)",3,0.952,25.425,m,16.540,16.904,m
20,"(315, 159, 501, 344)",4,0.793,25.125,f,-13.704,-15.173,f
21,"(63, 104, 274, 315)",0,,19.615,f,-7.367,-9.679,f
21,"(951, -7, 1133, 174)",1,,27.272,m,11.730,11.401,m
21,"(742, 17, 939, 214)",2,,28.133,f,-5.505,-6.520,f
21,"(561, 198, 738, 375)",3,,28.438,m,17.177,16.904,m
21,"(318, 158, 505, 345)",4,,22.035,f,-14.570,-15.173,f
22,"(64, 102, 280, 318)",0,,25.152,f,-7.840,-9.679,f
22,"(951, -7, 1133, 174)",1,,26.163,m,11.899,11.401,m
22,"(742, 17, 939, 214)",2,,27.192,f,-5.578,-6.520,f
22,"(561, 199, 738, 376)",3,,27.326,m,16.539,16.904,m
22,"(316, 159, 501, 344)",4,,26.962,f,-13.393,-15.173,f
23,"(62, 104, 274, 317)",0,,19.166,f,-8.538,-9.679,f
23,"(951, -8, 1133, 174)",1,,25.724,m,10.792,11.401,m
23,"(741, 16, 938, 214)",2,,26.783,f,-5.960,-6.520,f
23,"(562, 199, 739, 376)",3,,27.195,m,16.597,16.904,m
23,"(316, 159, 502, 344)",4,,28.406,f,-13.339,-15.173,f
24,"(63, 102, 280, 320)",0,,25.125,f,-8.224,-9.679,f
24,"(950, -8, 1132, 173)",1,,26.298,m,10.753,11.401,m
24,"(741, 16, 938, 213)",2,,26.928,f,-5.612,-6.520,f
24,"(562, 199, 739, 377)",3,,26.712,m,16.469,16.904,m
24,"(315, 161, 496, 342)",4,,19.727,f,-13.671,-15.173,f
25,"(64, 105, 281, 322)",0,0.996,26.287,f,-9.155,-9.679,f
25,"(951, -6, 1131, 172)",1,0.987,25.988,m,11.567,11.401,m
25,"(741, 18, 935, 212)",2,0.983,20.740,f,-5.526,-6.520,f
25,"(563, 198, 741, 377)",3,0.894,20.158,m,16.680,16.904,m
25,"(314, 159, 500, 345)",4,0.800,26.284,f,-14.014,-15.173,f
26,"(62, 108, 273, 319)",0,,20.165,f,-9.222,-9.679,f
26,"(947, -6, 1125, 172)",1,,19.828,m,12.112,11.401,m
26,"(740, 21, 927, 208)",2,,19.982,f,-4.370,-6.520,f
26,"(560, 200, 737, 377)",3,,18.783,m,16.571,16.904,m
26,"(313, 162, 493, 341)",4,,21.179,f,-12.690,-15.173,f
27,"(71, 110, 279, 319)",0,,19.985,f,-8.754,-9.679,f
27,"(949, -5, 1128, 173)",1,,26.596,m,11.753,11.401,m
27,"(739, 19, 933, 213)",2,,25.360,f,-6.324,-6.520,f
27,"(562, 200, 741, 379)",3,,25.475,m,16.863,16.904,m
27,"(312, 160, 497, 345)",4,,26.160,f,-12.364,-15.173,f
28,"(64, 110, 269, 315)",0,,17.429,f,-7.077,-9.679,f
28,"(943, -6, 1125, 175)",1,,20.915,m,10.738,11.401,m
28,"(738, 23, 926, 210)",2,,21.155,f,-3.927,-6.520,f
28,"(561, 203, 736, 378)",3,,18.600,m,16.793,16.904,m
28,"(312, 163, 490, 340)",4,,21.899,f,-12.131,-15.173,f
29,"(70, 112, 278, 319)",0,,19.901,f,-9.397,-9.679,f
29,"(948, -3, 1126, 174)",1,,26.259,m,12.578,11.401,m
29,"(737, 20, 931, 214)",2,,25.812,f,-6.594,-6.520,f
29,"(562, 202, 741, 381)",3,,25.066,m,16.499,16.904,m
29,"(310, 161, 494, 345)",4,,25.619,f,-11.947,-15.173,f
30,"(60, 107, 277, 324)",0,0.996,26.483,f,-11.011,-9.679,f
30,"(944, -9, 1127, 173)",1,0.988,24.741,m,12.243,11.401,m
30,"(733, 17, 932, 215)",2,0.966,27.411,f,-5.252,-6.520,f
30,"(563, 203, 739, 379)",3,0.891,18.788,m,15.734,16.904,m
30,"(311, 161, 496, 346)",4,0.797,26.458,f,-13.430,-15.173,f
31,"(60, 107, 277, 324)",0,,26.389,f,-10.781,-9.679,f
31,"(940, -8, 1123, 174)",1,,20.218,m,11.206,11.401,m
31,"(733, 20, 925, 212)",2,,20.628,f,-5.378,-6.520,f
31,"(563, 203, 739, 380)",3,,27.895,m,16.457,16.904,m
31,"(312, 159, 502, 349)",4,,21.768,f,-14.826,-15.173,f
32,"(60, 108, 277, 325)",0,,28.405,f,-10.081,-9.679,f
32,"(946, -8, 1130, 174)",1,,20.884,m,12.150,11.401,m
32,"(732, 17, 931, 216)",2,,26.291,f,-5.445,-6.520,f
32,"(564, 204, 740, 380)",3,,27.766,m,15.723,16.904,m
32,"(312, 161, 497, 346)",4,,24.761,f,-17.076,-15.173,f
33,"(61, 108, 277, 324)",0,,27.055,f,-10.977,-9.679,f
33,"(940, -8, 1126, 178)",1,,27.144,m,11.626,11.401,m
33,"(732, 21, 924, 212)",2,,18.699,f,-5.297,-6.520,f
33,"(564, 204, 740, 380)",3,,26.324,m,15.438,16.904,m
33,"(314, 159, 503, 349)",4,,22.456,f,-16.975,-15.173,f
34,"(61, 108, 277, 324)",0,,26.754,f,-10.983,-9.679,f
34,"(946, -9, 1130, 175)",1,,22.453,m,11.827,11.401,m
34,"(732, 17, 930, 215)",2,,24.717,f,-5.028,-6.520,f
34,"(564, 204, 740, 380)",3,,25.787,m,15.326,16.904,m
34,"(314, 160, 499, 345)",4,,23.989,f,-16.660,-15.173,f
35,"(61, 109, 276, 323)",0,0.997,22.296,f,-11.361,-9.679,f
35,"(940, -9, 1123, 172)",1,0.984,27.280,m,11.347,11.401,m
35,"(731, 18, 929, 216)",2,0.963,22.294,f,-6.417,-6.520,f
35,"(564, 205, 740, 381)",3,0.860,25.254,m,15.267,16.904,m
35,"(313, 161, 496, 344)",4,0.739,23.483,f,-15.915,-15.173,f
36,"(61, 109, 275, 323)",0,,26.810,f,-11.150,-9.679,f
36,"(940, -9, 1122, 172)",1,,26.816,m,10.869,11.401,m
36,"(731, 19, 928, 216)",2,,28.456,f,-6.480,-6.520,f
36,"(562, 206, 735, 379)",3,,19.413,m,14.002,16.904,m
36,"(313, 161, 496, 343)",4,,28.108,f,-16.047,-15.173,f
37,"(61, 109, 275, 323)",0,,26.769,f,-10.765,-9.679,f
37,"(939, -9, 1121, 171)",1,,26.523,m,11.069,11.401,m
37,"(730, 19, 928, 216)",2,,27.072,f,-6.604,-6.520,f
37,"(563, 204, 739, 381)",3,,25.779,m,15.299,16.904,m
37,"(314, 161, 496, 343)",4,,27.689,f,-16.560,-15.173,f
38,"(53, 105, 274, 327)",0,,19.037,f,-11.905,-9.679,f
38,"(939, -9, 1120, 171)",1,,26.828,m,11.170,11.401,m
38,"(730, 21, 921, 212)",2,,19.781,f,-4.883,-6.520,f
38,"(562, 206, 734, 379)",3,,19.345,m,15.153,16.904,m
38,"(311, 161, 492, 343)",4,,19.251,f,-16.541,-15.173,f
39,"(59, 109, 274, 324)",0,,24.893,f,-11.608,-9.679,f
39,"(938, -10, 1120, 171)",1,,26.327,m,10.225,11.401,m
39,"(730, 18, 927, 216)",2,,25.856,f,-6.351,-6.520,f
39,"(563, 205, 738, 381)",3,,25.580,m,15.096,16.904,m
39,"(315, 160, 500, 345)",4,,21.674,f,-17.350,-15.173,f
40,"(59, 109, 271, 320)",0,0.997,25.717,f,-10.356,-9.679,f
40,"(937, -9, 1121, 174)",1,0.975,26.126,m,10.753,11.401,m
40,"(730, 20, 924, 214)",2,0.929,23.848,f,-6.250,-6.520,f
40,"(562, 205, 741, 383)",3,0.851,25.766,m,15.670,16.904,m
40,"(317, 175, 480, 338)",4,0.707,20.976,f,-16.991,-15.173,f
41,"(60, 109, 271, 321)",0,,29.492,f,-11.656,-9.679,f
41,"(937, -9, 1121, 174)",1,,27.420,m,11.094,11.401,m
41,"(730, 23, 918, 211)",2,,18.670,f,-5.605,-6.520,f
41,"(561, 206, 736, 381)",3,,18.704,m,17.311,16.904,m
41,"(317, 175, 480, 338)",4,,27.732,f,-17.840,-15.173,f
42,"(59, 109, 271, 320)",0,,26.940,f,-10.832,-9.679,f
42,"(937, -9, 1121, 174)",1,,27.135,m,10.437,11.401,m
42,"(730, 17, 929, 216)",2,,20.488,f,-6.508,-6.520,f
42,"(565, 204, 744, 384)",3,,20.405,m,16.360,16.904,m
42,"(319, 175, 481, 338)",4,,28.252,f,-17.554,-15.173,f
43,"(58, 111, 265, 318)",0,,18.253,f,-9.677,-9.679,f
43,"(937, -9, 1121, 174)",1,,27.617,m,10.337,11.401,m
43,"(730, 20, 921, 210)",2,,22.205,f,-4.834,-6.520,f
43,"(563, 209, 737, 382)",3,,26.074,m,16.798,16.904,m
43,"(319, 175, 482, 338)",4,,28.027,f,-17.081,-15.173,f
44,"(66, 113, 271, 317)",0,,20.909,f,-9.862,-9.679,f
44,"(936, -9, 1120, 174)",1,,27.849,m,10.488,11.401,m
44,"(730, 21, 923, 214)",2,,26.192,f,-6.020,-6.520,f
44,"(567, 207, 742, 382)",3,,22.172,m,17.890,16.904,m
44,"(320, 175, 482, 338)",4,,28.020,f,-15.892,-15.173,f
45,"(62, 110, 273, 321)",0,0.998,26.305,f,-10.969,-9.679,f
45,"(939, -9, 1118, 169)",1,0.939,20.719,m,11.761,11.401,m
45,"(730, 21, 923, 214)",2,0.936,18.056,f,-6.196,-6.520,f
45,"(562, 207, 739, 384)",3,0.842,21.058,m,17.054,16.904,m
45,"(319, 174, 484, 339)",4,0.663,25.910,f,-16.234,-15.173,f
46,"(60, 112, 267, 319)",0,,19.135,f,-9.275,-9.679,f
46,"(939, -9, 1118, 169)",1,,27.243,m,11.751,11.401,m
46,"(729, 23, 917, 211)",2,,19.712,f,-5.385,-6.520,f
46,"(559, 208, 734, 382)",3,,19.606,m,18.974,16.904,m
46,"(319, 174, 484, 340)",4,,28.341,f,-18.208,-15.173,f
47,"(68, 114, 272, 318)",0,,19.920,f,-8.547,-9.679,f
47,"(938, -10, 1117, 168)",1,,26.916,m,11.210,11.401,m
47,"(730, 21, 922, 213)",2,,25.581,f,-5.746,-6.520,f
47,"(561, 206, 738, 383)",3,,26.806,m,17.483,16.904,m
47,"(319, 174, 484, 339)",4,,27.841,f,-19.497,-15.173,f
48,"(63, 111, 268, 316)",0,,23.054,f,-9.218,-9.679,f
48,"(938, -10, 1117, 168)",1,,25.876,m,11.844,11.401,m
48,"(729, 21, 922, 214)",2,,27.541,f,-6.721,-6.520,f
48,"(561, 207, 738, 384)",3,,27.748,m,17.433,16.904,m
48,"(322, 174, 487, 339)",4,,21.037,f,-16.415,-15.173,f
49,"(61, 110, 272, 321)",0,,27.081,f,-10.778,-9.679,f
49,"(942, -10, 1120, 167)",1,,19.522,m,11.093,11.401,m
49,"(729, 21, 922, 214)",2,,26.921,f,-6.791,-6.520,f
49,"(561, 206, 738, 383)",3,,26.539,m,17.957,16.904,m
49,"(320, 173, 485, 338)",4,,26.861,f,-18.628,-15.173,f
50,"(60, 109, 272, 321)",0,0.997,27.523,f,-9.655,-9.679,f
50,"(939, -9, 1118, 169)",1,0.918,26.145,m,9.192,11.401,m
50,"(728, 20, 923, 215)",2,0.910,21.650,f,-7.404,-6.520,f
50,"(560, 205, 739, 384)",3,0.833,19.006,m,18.042,16.904,m
50,"(318, 169, 489, 339)",4,0.672,18.147,f,-17.942,-15.173,f
51,"(61, 109, 272, 321)",0,,28.929,f,-10.737,-9.679,f
51,"(944, -9, 1122, 168)",1,,21.246,m,9.172,11.401,m
51,"(729, 18, 928, 217)",2,,20.902,f,-8.542,-6.520,f
51,"(560, 205, 739, 384)",3,,28.036,m,17.481,16.904,m
51,"(322, 169, 492, 339)",4,,22.302,f,-18.095,-15.173,f
52,"(60, 109, 272, 321)",0,,26.840,f,-9.896,-9.679,f
52,"(940, -10, 1119, 167)",1,,26.870,m,9.166,11.401,m
52,"(728, 23, 916, 212)",2,,18.392,f,-4.988,-6.520,f
52,"(560, 204, 739, 383)",3,,26.805,m,17.115,16.904,m
52,"(320, 168, 489, 338)",4,,26.936,f,-19.537,-15.173,f
53,"(60, 109, 271, 320)",0,,26.766,f,-10.716,-9.679,f
53,"(946, -9, 1121, 165)",1,,20.279,m,8.553,11.401,m
53,"(726, 19, 926, 219)",2,,24.780,f,-8.793,-6.520,f
53,"(560, 204, 739, 383)",3,,25.944,m,17.099,16.904,m
53,"(323, 168, 493, 337)",4,,22.100,f,-17.647,-15.173,f
54,"(60, 109, 271, 320)",0,,26.269,f,-10.512,-9.679,f
54,"(941, -11, 1119, 166)",1,,26.103,m,9.380,11.401,m
54,"(727, 19, 923, 214)",2,,26.470,f,-8.789,-6.520,f
54,"(560, 203, 739, 382)",3,,24.999,m,16.633,16.904,m
54,"(321, 167, 490, 336)",4,,25.638,f,-18.593,-15.173,f
55,"(59, 107, 271, 320)",0,0.998,27.408,f,-10.482,-9.679,f
55,"(945, -8, 1118, 163)",1,0.887,25.551,m,10.466,11.401,m
55,"(727, 19, 922, 214)",2,0.841,21.397,f,-7.129,-6.520,f
55,"(561, 201, 738, 378)",3,0.800,17.890,m,16.672,16.904,m
55,"(320, 166, 491, 337)",4,0.723,21.270,f,-19.420,-15.173,f
56,"(59, 107, 271, 319)",0,,26.751,f,-9.287,-9.679,f
56,"(949, -8, 1122, 163)",1,,21.334,m,11.076,11.401,m
56,"(727, 14, 929, 216)",2,,21.651,f,-8.310,-6.520,f
56,"(563, 199, 743, 379)",3,,20.031,m,19.473,16.904,m
56,"(325, 167, 494, 335)",4,,22.563,f,-18.289,-15.173,f
57,"(59, 107, 271, 319)",0,,27.172,f,-10.972,-9.679,f
57,"(947, -9, 1119, 163)",1,,27.435,m,9.556,11.401,m
57,"(728, 16, 923, 210)",2,,25.502,f,-8.577,-6.520,f
57,"(562, 199, 738, 376)",3,,22.366,m,19.826,16.904,m
57,"(322, 165, 492, 335)",4,,27.403,f,-19.712,-15.173,f
58,"(57, 108, 266, 317)",0,,18.427,f,-9.062,-9.679,f
58,"(948, -8, 1120, 163)",1,,27.677,m,9.767,11.401,m
58,"(729, 12, 929, 212)",2,,21.519,f,-7.839,-6.520,f
58,"(564, 198, 742, 376)",3,,14.699,m,17.391,16.904,m
58,"(326, 165, 496, 335)",4,,21.438,f,-17.602,-15.173,f
59,"(64, 110, 273, 318)",0,,21.021,f,-9.252,-9.679,f
59,"(948, -7, 1122, 165)",1,,27.974,m,11.321,11.401,m
59,"(730, 13, 924, 207)",2,,25.878,f,-7.657,-6.520,f
59,"(562, 199, 739, 376)",3,,13.525,m,12.800,16.904,m
59,"(323, 165, 493, 334)",4,,26.358,f,-18.643,-15.173,f
60,"(59, 108, 273, 322)",0,0.998,19.884,f,-9.906,-9.679,f
60,"(944, -7, 1124, 172)",1,0.974,21.470,m,9.195,11.401,m
60,"(735, 14, 924, 203)",2,0.945,23.931,f,-8.104,-6.520,f
60,"(564, 196, 741, 373)",3,0.808,10.704,m,9.707,16.904,m
61,"(56, 109, 268, 321)",0,,19.401,f,-10.833,-9.679,f
61,"(944, -7, 1125, 173)",1,,28.119,m,10.438,11.401,m
61,"(736, 10, 930, 204)",2,,21.524,f,-8.851,-6.520,f
61,"(565, 196, 739, 371)",3,,16.100,m,9.176,16.904,m
62,"(59, 109, 272, 322)",0,,26.684,f,-9.955,-9.679,f
62,"(945, -6, 1125, 173)",1,,28.175,m,11.326,11.401,m
62,"(736, 11, 925, 200)",2,,26.185,f,-7.835,-6.520,f
62,"(565, 195, 738, 368)",3,,8.717,m,2.668,16.904,m
63,"(56, 110, 267, 321)",0,,18.891,f,-9.755,-9.679,f
63,"(944, -6, 1125, 173)",1,,25.735,m,11.383,11.401,m
63,"(736, 9, 924, 197)",2,,25.754,f,-7.734,-6.520,f
64,"(64, 111, 273, 320)",0,,19.880,f,-9.519,-9.679,f
64,"(944, -6, 1125, 173)",1,,25.539,m,10.226,11.401,m
64,"(736, 8, 924, 195)",2,,25.846,f,-7.759,-6.520,f
65,"(54, 110, 271, 327)",0,0.998,25.090,f,-11.015,-9.679,f
65,"(945, -7, 1127, 174)",1,0.982,26.012,m,9.684,11.401,m
65,"(734, 4, 926, 197)",2,0.924,20.151,f,-7.974,-6.520,f
65,"(330, 166, 483, 318)",5,0.666,,f,-21.225,-15.096,f
66,"(52, 112, 266, 326)",0,,19.380,f,-11.027,-9.679,f
66,"(945, -7, 1127, 174)",1,,26.081,m,9.542,11.401,m
66,"(734, 3, 926, 196)",2,,25.819,f,-8.634,-6.520,f
66,"(330, 165, 482, 317)",5,,21.202,f,-19.965,-15.096,f
67,"(61, 114, 272, 325)",0,,21.289,f,-11.899,-9.679,f
67,"(945, -8, 1127, 174)",1,,25.742,m,8.863,11.401,m
67,"(734, 3, 926, 195)",2,,25.653,f,-8.734,-6.520,f
67,"(330, 164, 482, 316)",5,,16.407,f,-14.118,-15.096,f
68,"(56, 114, 266, 324)",0,,20.857,f,-11.024,-9.679,f
68,"(945, -8, 1127, 173)",1,,26.544,m,8.641,11.401,m
68,"(734, 2, 926, 194)",2,,25.513,f,-8.942,-6.520,f
68,"(330, 161, 488, 319)",5,,11.666,f,-10.572,-15.096,f
69,"(62, 115, 274, 326)",0,,19.613,f,-11.812,-9.679,f
69,"(945, -8, 1127, 173)",1,,26.228,m,9.299,11.401,m
69,"(734, 0, 931, 196)",2,,20.050,f,-6.906,-6.520,f
69,"(330, 162, 484, 317)",5,,13.432,f,-9.603,-15.096,f
70,"(58, 109, 277, 328)",0,0.998,20.564,f,-10.317,-9.679,f
70,"(945, -7, 1123, 170)",1,0.933,23.731,m,9.307,11.401,m
70,"(733, 1, 924, 192)",2,0.926,26.880,f,-8.112,-6.520,f
71,"(61, 109, 284, 331)",0,,24.092,f,-12.202,-9.679,f
71,"(949, -7, 1127, 170)",1,,21.215,m,9.343,11.401,m
71,"(735, 0, 929, 194)",2,,21.293,f,-7.835,-6.520,f
72,"(61, 110, 280, 328)",0,,27.015,f,-11.089,-9.679,f
72,"(947, -8, 1124, 168)",1,,26.415,m,10.461,11.401,m
72,"(734, 1, 921, 188)",2,,23.796,f,-6.421,-6.520,f
73,"(64, 108, 287, 330)",0,,22.396,f,-12.066,-9.679,f
73,"(947, -8, 1124, 167)",1,,24.931,m,10.189,11.401,m
73,"(733, 2, 924, 193)",2,,26.098,f,-8.123,-6.520,f
74,"(63, 109, 281, 327)",0,,25.588,f,-11.751,-9.679,f
74,"(947, -9, 1124, 167)",1,,24.083,m,10.874,11.401,m
74,"(732, 6, 918, 192)",2,,18.668,f,-5.124,-6.520,f
75,"(61, 105, 289, 332)",0,0.999,24.555,f,-11.519,-9.679,f
75,"(948, -6, 1126, 171)",1,0.960,20.118,m,10.849,11.401,m
75,"(733, 5, 924, 197)",2,0.934,23.794,f,-6.988,-6.520,f
75,"(335, 165, 494, 324)",6,0.719,,f,-18.094,-19.131,f
76,"(61, 105, 288, 332)",0,,28.068,f,-11.450,-9.679,f
76,"(948, -6, 1125, 170)",1,,26.761,m,10.834,11.401,m
76,"(731, 9, 917, 195)",2,,21.177,f,-5.096,-6.520,f
76,"(336, 167, 494, 325)",6,,24.890,f,-17.504,-19.131,f
77,"(58, 103, 287, 333)",0,,24.648,f,-8.844,-9.679,f
77,"(947, -7, 1124, 169)",1,,25.589,m,10.586,11.401,m
77,"(731, 8, 922, 199)",2,,25.328,f,-7.569,-6.520,f
77,"(336, 168, 495, 327)",6,,24.519,f,-17.869,-19.131,f
78,"(59, 104, 285, 330)",0,,26.997,f,-9.948,-9.679,f
78,"(946, -7, 1123, 168)",1,,25.301,m,11.384,11.401,m
78,"(730, 12, 916, 198)",2,,19.737,f,-6.084,-6.520,f
78,"(336, 169, 495, 329)",6,,24.831,f,-16.862,-19.131,f
79,"(56, 104, 278, 327)",0,,20.248,f,-9.719,-9.679,f
79,"(946, -8, 1122, 168)",1,,25.035,m,11.759,11.401,m
79,"(730, 11, 920, 201)",2,,24.572,f,-6.887,-6.520,f
79,"(337, 171, 496, 330)",6,,24.844,f,-17.916,-19.131,f
80,"(60, 104, 281, 325)",0,0.999,18.814,f,-8.755,-9.679,f
80,"(944, -20, 1112, 147)",1,0.808,17.357,m,11.462,11.401,m
80,"(730, 12, 919, 202)",2,0.835,19.865,f,-5.216,-6.520,f
80,"(329, 167, 501, 338)",6,0.747,21.485,f,-20.714,-19.131,f
80,"(557, 206, 732, 380)",7,0.855,,m,21.435,20.463,m
81,"(59, 103, 279, 324)",0,,27.519,f,-9.186,-9.679,f
81,"(941, -20, 1109, 147)",1,,18.170,m,10.882,11.401,m
81,"(731, 13, 920, 202)",2,,28.514,f,-6.151,-6.520,f
81,"(330, 167, 501, 339)",6,,28.334,f,-20.744,-19.131,f
81,"(558, 202, 740, 383)",7,,20.704,m,25.171,20.463,m
82,"(58, 103, 278, 323)",0,,27.043,f,-9.786,-9.679,f
82,"(947, -21, 1116, 147)",1,,20.971,m,11.191,11.401,m
82,"(732, 13, 920, 202)",2,,28.297,f,-6.279,-6.520,f
82,"(337, 170, 504, 337)",6,,22.744,f,-19.146,-19.131,f
82,"(560, 203, 735, 378)",7,,22.287,m,23.523,20.463,m
83,"(57, 102, 276, 321)",0,,27.309,f,-10.183,-9.679,f
83,"(944, -20, 1109, 144)",1,,24.190,m,12.039,11.401,m
83,"(734, 12, 926, 204)",2,,21.888,f,-8.669,-6.520,f
83,"(331, 169, 497, 335)",6,,18.969,f,-20.260,-19.131,f
83,"(563, 200, 741, 378)",7,,19.668,m,23.304,20.463,m
84,"(55, 100, 274, 320)",0,,26.900,f,-9.891,-9.679,f
84,"(944, -20, 1112, 147)",1,,26.487,m,11.501,11.401,m
84,"(733, 15, 915, 198)",2,,17.900,f,-5.142,-6.520,f
84,"(334, 167, 503, 335)",6,,25.381,f,-20.932,-19.131,f
84,"(562, 200, 737, 375)",7,,22.092,m,20.314,20.463,m
85,"(50, 100, 269, 319)",0,0.999,25.632,f,-9.885,-9.679,f
85,"(944, -21, 1115, 149)",1,0.837,19.699,m,11.581,11.401,m
85,"(737, 13, 923, 199)",2,0.889,18.517,f,-9.979,-6.520,f
85,"(327, 159, 505, 337)",6,0.680,18.631,f,-20.331,-19.131,f
85,"(557, 195, 739, 377)",7,0.982,20.170,m,20.592,20.463,m
86,"(48, 99, 268, 319)",0,,26.364,f,-10.640,-9.679,f
86,"(944, -21, 1115, 149)",1,,27.840,m,11.520,11.401,m
86,"(737, 9, 929, 201)",2,,20.934,f,-8.306,-6.520,f
86,"(327, 157, 504, 335)",6,,26.321,f,-19.387,-19.131,f
86,"(559, 193, 745, 379)",7,,22.497,m,19.601,20.463,m
87,"(47, 99, 266, 319)",0,,25.773,f,-10.106,-9.679,f
87,"(944, -20, 1115, 150)",1,,28.434,m,11.714,11.401,m
87,"(737, 10, 924, 197)",2,,25.709,f,-8.351,-6.520,f
87,"(325, 155, 503, 333)",6,,26.865,f,-19.276,-19.131,f
87,"(558, 195, 740, 377)",7,,22.115,m,19.565,20.463,m
88,"(46, 99, 265, 318)",0,,25.906,f,-11.078,-9.679,f
88,"(944, -20, 1116, 151)",1,,27.639,m,13.230,11.401,m
88,"(737, 6, 929, 197)",2,,20.621,f,-8.389,-6.520,f
88,"(324, 153, 502, 331)",6,,27.021,f,-19.097,-19.131,f
88,"(558, 195, 740, 377)",7,,19.576,m,18.430,20.463,m
89,"(43, 101, 257, 316)",0,,20.415,f,-10.313,-9.679,f
89,"(944, -19, 1116, 152)",1,,27.116,m,12.980,11.401,m
89,"(738, 7, 923, 192)",2,,25.671,f,-7.913,-6.520,f
89,"(324, 151, 501, 328)",6,,27.134,f,-18.838,-19.131,f
89,"(556, 196, 735, 375)",7,,10.754,m,12.698,20.463,m
90,"(37, 99, 262, 323)",0,0.999,23.757,f,-10.869,-9.679,f
90,"(944, -7, 1120, 168)",1,0.925,16.106,m,11.567,11.401,m
90,"(734, 2, 923, 191)",2,0.891,25.966,f,-6.168,-6.520,f
91,"(35, 101, 254, 320)",0,,19.447,f,-9.007,-9.679,f
91,"(948, -7, 1124, 168)",1,,20.333,m,13.330,11.401,m
91,"(734, 0, 922, 188)",2,,26.288,f,-5.825,-6.520,f
92,"(43, 104, 260, 320)",0,,19.996,f,-11.524,-9.679,f
92,"(944, -8, 1121, 167)",1,,25.444,m,10.316,11.401,m
92,"(734, -1, 922, 186)",2,,26.330,f,-5.861,-6.520,f
93,"(38, 102, 255, 319)",0,,21.762,f,-10.787,-9.679,f
93,"(950, -7, 1123, 164)",1,,20.164,m,13.171,11.401,m
93,"(733, -3, 921, 184)",2,,26.535,f,-5.962,-6.520,f
94,"(37, 102, 260, 325)",0,,24.145,f,-11.659,-9.679,f
94,"(946, -10, 1121, 164)",1,,24.381,m,12.200,11.401,m
94,"(733, -4, 921, 182)",2,,24.906,f,-7.006,-6.520,f
95,"(46, 106, 253, 313)",0,0.995,16.679,f,-10.627,-9.679,f
95,"(949, -20, 1114, 144)",1,0.781,17.671,m,14.011,11.401,m
96,"(46, 107, 253, 314)",0,,25.584,f,-5.696,-9.679,f
96,"(949, -21, 1114, 143)",1,,27.215,m,12.839,11.401,m
97,"(47, 108, 254, 315)",0,,23.890,f,-8.108,-9.679,f
97,"(954, -20, 1116, 141)",1,,20.236,m,11.908,11.401,m
98,"(47, 109, 255, 316)",0,,23.256,f,-9.351,-9.679,f
98,"(949, -22, 1114, 142)",1,,25.883,m,12.877,11.401,m
99,"(48, 109, 256, 317)",0,,23.530,f,-8.517,-9.679,f
99,"(955, -20, 1116, 140)",1,,20.740,m,12.170,11.401,m
100,"(53, 105, 257, 309)",0,0.979,24.955,f,-7.749,-9.679,f
100,"(953, -17, 1111, 140)",1,0.791,24.372,m,13.478,11.401,m
101,"(55, 102, 265, 313)",0,,22.665,f,-11.030,-9.679,f
101,"(953, -17, 1112, 140)",1,,28.105,m,12.005,11.401,m
102,"(56, 104, 259, 308)",0,,25.429,f,-10.657,-9.679,f
102,"(953, -17, 1111, 140)",1,,25.873,m,13.549,11.401,m
103,"(58, 101, 267, 310)",0,,21.983,f,-12.656,-9.679,f
103,"(953, -17, 1111, 140)",1,,26.796,m,13.739,11.401,m
104,"(58, 103, 262, 306)",0,,24.834,f,-12.341,-9.679,f
104,"(953, -17, 1111, 140)",1,,25.362,m,13.857,11.401,m
105,"(50, 101, 272, 322)",0,0.999,20.171,f,-12.197,-9.679,f
105,"(949, -9, 1125, 166)",1,0.799,12.318,m,13.356,11.401,m
105,"(726, 5, 917, 195)",8,0.805,,f,-8.089,-5.961,f
106,"(52, 98, 279, 325)",0,,20.958,f,-12.302,-9.679,f
106,"(948, -9, 1124, 166)",1,,26.375,m,14.068,11.401,m
106,"(726, 11, 910, 195)",8,,19.600,f,-7.547,-5.961,f
107,"(53, 100, 272, 319)",0,,26.464,f,-10.200,-9.679,f
107,"(947, -10, 1123, 165)",1,,25.813,m,13.208,11.401,m
107,"(726, 11, 915, 199)",8,,24.695,f,-7.338,-5.961,f
108,"(50, 102, 265, 317)",0,,19.601,f,-8.898,-9.679,f
108,"(947, -10, 1122, 164)",1,,26.065,m,12.590,11.401,m
108,"(727, 13, 915, 201)",8,,25.418,f,-6.858,-5.961,f
109,"(54, 97, 278, 321)",0,,19.765,f,-10.003,-9.679,f
109,"(942, -10, 1118, 164)",1,,19.253,m,13.545,11.401,m
109,"(727, 15, 916, 203)",8,,24.996,f,-7.317,-5.961,f
110,"(50, 103, 268, 321)",0,0.999,18.846,f,-11.745,-9.679,f
110,"(948, -11, 1124, 164)",1,0.708,22.125,m,13.043,11.401,m
110,"(733, 18, 917, 202)",8,0.654,20.703,f,-6.189,-5.961,f
110,"(566, 202, 748, 385)",9,0.934,,m,22.833,18.159,m
110,"(305, 139, 478, 312)",10,0.783,,f,-16.096,-15.812,f
111,"(51, 103, 268, 321)",0,,29.151,f,-11.641,-9.679,f
111,"(943, -11, 1121, 167)",1,,18.870,m,13.769,11.401,m
111,"(734, 19, 918, 203)",8,,27.632,f,-6.450,-5.961,f
111,"(567, 200, 755, 388)",9,,22.829,m,19.506,18.159,m
111,"(305, 140, 479, 315)",10,,26.611,f,-16.249,-15.812,f
112,"(52, 103, 269, 321)",0,,28.707,f,-10.901,-9.679,f
112,"(947, -7, 1123, 167)",1,,26.347,m,13.243,11.401,m
112,"(735, 21, 918, 204)",8,,27.678,f,-6.198,-5.961,f
112,"(568, 202, 750, 384)",9,,24.696,m,18.767,18.159,m
112,"(305, 142, 479, 317)",10,,26.767,f,-16.644,-15.812,f
113,"(51, 103, 269, 320)",0,,26.036,f,-10.970,-9.679,f
113,"(937, -12, 1126, 176)",1,,18.272,m,10.312,11.401,m
113,"(736, 18, 926, 208)",8,,23.329,f,-6.447,-5.961,f
113,"(569, 199, 756, 386)",9,,20.601,m,16.978,18.159,m
113,"(305, 144, 480, 319)",10,,26.440,f,-17.239,-15.812,f
114,"(53, 101, 275, 322)",0,,21.602,f,-9.088,-9.679,f
114,"(947, -4, 1123, 171)",1,,20.902,m,12.592,11.401,m
114,"(737, 19, 920, 203)",8,,25.010,f,-5.305,-5.961,f
114,"(567, 203, 745, 380)",9,,17.724,m,18.297,18.159,m
114,"(305, 144, 481, 320)",10,,25.629,f,-18.504,-15.812,f
115,"(53, 102, 270, 319)",0,0.999,27.112,f,-10.839,-9.679,f
115,"(946, -6, 1121, 167)",1,0.910,23.568,m,12.251,11.401,m
115,"(740, 16, 924, 200)",8,0.804,17.921,f,-5.845,-5.961,f
115,"(569, 200, 748, 380)",9,0.924,25.684,m,19.569,18.159,m
115,"(305, 141, 491, 326)",10,0.653,17.910,f,-17.256,-15.812,f
116,"(52, 101, 270, 319)",0,,26.669,f,-11.125,-9.679,f
116,"(947, -6, 1122, 168)",1,,28.720,m,11.068,11.401,m
116,"(741, 9, 931, 199)",8,,20.987,f,-6.552,-5.961,f
116,"(569, 199, 748, 379)",9,,21.769,m,17.453,18.159,m
116,"(308, 139, 496, 326)",10,,23.181,f,-15.635,-15.812,f
117,"(51, 100, 269, 318)",0,,26.296,f,-11.410,-9.679,f
117,"(948, -6, 1123, 168)",1,,27.982,m,11.588,11.401,m
117,"(741, 9, 925, 192)",8,,24.693,f,-4.925,-5.961,f
117,"(569, 198, 748, 377)",9,,18.003,m,21.231,18.159,m
117,"(308, 138, 492, 323)",10,,27.152,f,-16.665,-15.812,f
118,"(51, 99, 269, 317)",0,,25.505,f,-10.643,-9.679,f
118,"(951, -7, 1129, 170)",1,,22.254,m,11.342,11.401,m
118,"(741, 1, 928, 188)",8,,26.282,f,-4.298,-5.961,f
118,"(568, 197, 748, 376)",9,,9.853,m,8.795,18.159,m
118,"(310, 134, 498, 322)",10,,23.020,f,-13.469,-15.812,f
119,"(50, 98, 269, 316)",0,,25.022,f,-10.966,-9.679,f
119,"(949, -6, 1124, 168)",1,,26.241,m,11.916,11.401,m
119,"(742, 0, 926, 184)",8,,24.595,f,-5.589,-5.961,f
119,"(310, 134, 494, 318)",10,,21.443,f,-16.445,-15.812,f
120,"(50, 97, 266, 312)",0,0.998,25.997,f,-11.245,-9.679,f
120,"(948, -7, 1125, 169)",1,0.947,21.752,m,11.796,11.401,m
120,"(739, 0, 920, 180)",8,0.786,24.966,f,-5.001,-5.961,f
120,"(317, 138, 474, 295)",10,0.680,11.652,f,-22.278,-15.812,f
121,"(50, 97, 265, 312)",0,,26.370,f,-10.662,-9.679,f
121,"(952, -7, 1129, 169)",1,,20.886,m,11.993,11.401,m
121,"(739, -2, 920, 177)",8,,27.849,f,-3.514,-5.961,f
121,"(320, 135, 479, 293)",10,,12.409,f,-11.310,-15.812,f
122,"(47, 98, 260, 311)",0,,18.864,f,-7.518,-9.679,f
122,"(946, -6, 1120, 167)",1,,17.848,m,11.360,11.401,m
122,"(738, -5, 919, 175)",8,,26.588,f,-4.210,-5.961,f
122,"(319, 134, 476, 291)",10,,9.525,f,-7.762,-15.812,f
123,"(56, 100, 266, 309)",0,,20.068,f,-11.720,-9.679,f
123,"(952, -7, 1132, 172)",1,,18.828,m,10.906,11.401,m
123,"(738, -7, 919, 173)",8,,23.535,f,-5.205,-5.961,f
124,"(51, 97, 261, 308)",0,,19.312,f,-6.904,-9.679,f
124,"(946, -6, 1121, 168)",1,,17.172,m,11.844,11.401,m
124,"(738, -11, 926, 176)",8,,18.010,f,-6.335,-5.961,f
125,"(59, 102, 261, 305)",0,0.995,16.000,f,-5.337,-9.679,f
125,"(956, -5, 1130, 168)",1,0.886,16.117,m,9.924,11.401,m
125,"(565, 184, 755, 375)",11,0.778,,m,3.428,4.740,m
126,"(62, 101, 269, 308)",0,,23.201,f,-12.294,-9.679,f
126,"(957, -5, 1130, 168)",1,,26.176,m,9.805,11.401,m
126,"(563, 177, 765, 380)",11,,18.769,m,4.906,4.740,m
127,"(62, 103, 265, 306)",0,,25.438,f,-11.518,-9.679,f
127,"(957, -4, 1131, 169)",1,,24.298,m,9.720,11.401,m
127,"(555, 176, 760, 381)",11,,19.142,m,3.067,4.740,m
128,"(63, 104, 265, 306)",0,,26.703,f,-10.106,-9.679,f
128,"(952, -4, 1129, 172)",1,,17.967,m,9.826,11.401,m
128,"(553, 181, 760, 387)",11,,15.940,m,7.314,4.740,m
129,"(63, 105, 265, 307)",0,,26.189,f,-10.474,-9.679,f
129,"(955, -2, 1130, 171)",1,,26.025,m,9.792,11.401,m
129,"(564, 181, 770, 388)",11,,8.361,m,4.985,4.740,m
130,"(59, 99, 273, 312)",0,0.999,17.826,f,-9.507,-9.679,f
130,"(950, -6, 1126, 168)",1,0.928,25.460,m,11.495,11.401,m
130,"(706, -4, 922, 210)",12,0.675,,f,-7.195,-5.929,f
131,"(59, 99, 273, 312)",0,,26.161,f,-10.784,-9.679,f
131,"(949, -6, 1125, 168)",1,,23.746,m,10.917,11.401,m
131,"(700, -3, 919, 215)",12,,18.628,f,-9.420,-5.929,f
132,"(60, 99, 272, 312)",0,,27.054,f,-10.134,-9.679,f
132,"(948, -7, 1124, 168)",1,,20.841,m,12.722,11.401,m
132,"(701, -1, 920, 217)",12,,20.053,f,-12.833,-5.929,f
133,"(60, 100, 273, 313)",0,,26.386,f,-8.320,-9.679,f
133,"(947, -7, 1123, 168)",1,,21.392,m,12.884,11.401,m
133,"(695, 0, 917, 221)",12,,15.187,f,-10.654,-5.929,f
134,"(61, 101, 273, 314)",0,,25.912,f,-8.641,-9.679,f
134,"(943, -6, 1119, 168)",1,,16.423,m,13.414,11.401,m
134,"(700, 0, 925, 225)",12,,14.271,f,-12.096,-5.929,f
135,"(61, 102, 280, 321)",0,0.999,25.280,f,-9.684,-9.679,f
135,"(946, -8, 1123, 169)",1,0.941,15.733,m,13.993,11.401,m
135,"(725, 6, 915, 196)",12,0.768,15.054,f,-7.550,-5.929,f
135,"(319, 142, 491, 313)",13,0.692,,f,-19.666,-20.155,f
136,"(62, 104, 281, 322)",0,,28.330,f,-9.298,-9.679,f
136,"(946, -7, 1124, 170)",1,,27.424,m,12.086,11.401,m
136,"(726, 9, 916, 199)",12,,27.387,f,-7.889,-5.929,f
136,"(321, 144, 491, 315)",13,,27.249,f,-21.270,-20.155,f
137,"(63, 106, 280, 323)",0,,28.064,f,-9.565,-9.679,f
137,"(939, -8, 1123, 174)",1,,18.588,m,13.079,11.401,m
137,"(726, 11, 916, 201)",12,,27.038,f,-7.404,-5.929,f
137,"(321, 145, 492, 316)",13,,26.620,f,-20.021,-20.155,f
138,"(63, 106, 280, 323)",0,,26.349,f,-11.229,-9.679,f
138,"(946, -4, 1123, 172)",1,,24.973,m,13.963,11.401,m
138,"(727, 13, 917, 203)",12,,27.090,f,-7.798,-5.929,f
138,"(322, 146, 492, 316)",13,,27.037,f,-20.210,-20.155,f
139,"(63, 106, 280, 323)",0,,25.081,f,-8.760,-9.679,f
139,"(938, -6, 1122, 176)",1,,19.493,m,11.804,11.401,m
139,"(726, 16, 911, 201)",12,,19.278,f,-4.661,-5.929,f
139,"(322, 147, 491, 316)",13,,25.803,f,-19.609,-20.155,f
140,"(59, 105, 276, 322)",0,0.999,26.710,f,-9.918,-9.679,f
140,"(941, -8, 1121, 171)",1,0.971,20.413,m,12.247,11.401,m
140,"(729, 15, 918, 204)",12,0.669,21.851,f,-6.832,-5.929,f
140,"(567, 203, 748, 384)",14,0.940,,m,17.442,15.535,m
141,"(59, 104, 275, 321)",0,,27.426,f,-9.464,-9.679,f
141,"(940, -8, 1121, 171)",1,,26.440,m,12.321,11.401,m
141,"(728, 15, 917, 204)",12,,27.694,f,-6.966,-5.929,f
141,"(567, 203, 747, 383)",14,,26.193,m,16.687,15.535,m
142,"(58, 103, 275, 320)",0,,26.478,f,-9.529,-9.679,f
142,"(940, -9, 1120, 171)",1,,26.318,m,11.780,11.401,m
142,"(728, 15, 917, 204)",12,,26.873,f,-6.827,-5.929,f
142,"(567, 202, 746, 381)",14,,26.188,m,17.168,15.535,m
143,"(57, 102, 274, 319)",0,,26.208,f,-11.766,-9.679,f
143,"(939, -9, 1119, 170)",1,,26.192,m,12.654,11.401,m
143,"(728, 14, 917, 203)",12,,25.870,f,-6.054,-5.929,f
143,"(567, 201, 746, 380)",14,,25.528,m,15.889,15.535,m
144,"(56, 101, 273, 318)",0,,25.899,f,-11.434,-9.679,f
144,"(939, -10, 1119, 169)",1,,25.554,m,11.618,11.401,m
144,"(728, 12, 917, 201)",12,,25.970,f,-6.058,-5.929,f
144,"(567, 199, 744, 377)",14,,20.736,m,10.491,15.535,m
145,"(52, 99, 272, 319)",0,0.999,21.996,f,-11.524,-9.679,f
145,"(940, -8, 1122, 173)",1,0.926,20.492,m,11.565,11.401,m
145,"(724, 8, 914, 198)",12,0.713,23.891,f,-5.105,-5.929,f
145,"(323, 139, 488, 304)",15,0.676,,f,-18.550,-16.105,f
146,"(51, 99, 270, 319)",0,,27.047,f,-11.177,-9.679,f
146,"(939, -10, 1121, 171)",1,,26.023,m,11.407,11.401,m
146,"(724, 5, 914, 195)",12,,26.727,f,-5.189,-5.929,f
146,"(322, 136, 487, 301)",15,,20.570,f,-19.661,-16.105,f
147,"(50, 99, 269, 319)",0,,26.628,f,-11.267,-9.679,f
147,"(938, -13, 1120, 169)",1,,25.192,m,10.947,11.401,m
147,"(723, 1, 913, 192)",12,,26.627,f,-4.745,-5.929,f
147,"(325, 134, 491, 300)",15,,10.487,f,-10.105,-16.105,f
148,"(49, 99, 268, 319)",0,,26.439,f,-11.258,-9.679,f
148,"(937, -15, 1120, 167)",1,,24.747,m,10.829,11.401,m
148,"(723, -1, 913, 188)",12,,26.515,f,-5.327,-5.929,f
149,"(46, 101, 261, 316)",0,,18.133,f,-4.332,-9.679,f
149,"(936, -16, 1119, 166)",1,,23.740,m,7.856,11.401,m
149,"(722, -4, 912, 186)",12,,22.958,f,-3.455,-5.929,f
150,"(56, 104, 258, 306)",0,0.988,18.277,f,-6.446,-9.679,f
150,"(942, -21, 1110, 146)",1,0.720,15.589,m,9.391,11.401,m
150,"(717, -7, 906, 181)",12,0.673,18.029,m,3.893,-5.929,f
150,"(571, 198, 731, 359)",16,0.832,,m,15.136,10.996,m
151,"(56, 104, 258, 306)",0,,21.500,f,-5.456,-9.679,f
151,"(939, -20, 1106, 146)",1,,17.858,m,10.036,11.401,m
151,"(717, -8, 905, 179)",12,,14.354,f,-0.414,-5.929,f
151,"(575, 199, 734, 358)",16,,15.881,m,16.189,10.996,m
152,"(57, 105, 258, 307)",0,,18.532,f,-1.811,-9.679,f
152,"(946, -20, 1113, 146)",1,,16.194,m,8.739,11.401,m
152,"(717, -8, 905, 180)",12,,7.693,m,4.215,-5.929,f
152,"(572, 199, 731, 358)",16,,19.307,m,12.705,10.996,m
153,"(62, 107, 261, 305)",0,,12.183,m,1.213,-9.679,f
153,"(940, -21, 1109, 148)",1,,16.139,m,7.702,11.401,m
153,"(573, 199, 732, 359)",16,,19.368,m,12.067,10.996,m
154,"(57, 108, 252, 303)",0,,10.488,m,3.303,-9.679,f
154,"(941, -20, 1111, 149)",1,,15.361,m,5.489,11.401,m
154,"(573, 200, 732, 359)",16,,19.907,m,11.872,10.996,m
155,"(576, 203, 737, 365)",16,0.888,17.305,m,10.103,10.996,m
156,"(576, 204, 738, 365)",16,,27.972,m,10.661,10.996,m
157,"(577, 205, 739, 366)",16,,27.321,m,9.089,10.996,m
158,"(577, 205, 740, 368)",16,,26.449,m,10.575,10.996,m
159,"(577, 205, 741, 369)",16,,24.917,m,9.194,10.996,m
160,"(569, 196, 744, 371)",16,0.844,16.479,m,12.933,10.996,m
160,"(63, 108, 244, 290)",17,0.931,,f,-12.463,-9.543,f
161,"(566, 199, 740, 373)",16,,13.282,m,12.416,10.996,m
161,"(60, 111, 236, 287)",17,,18.348,f,-11.237,-9.543,f
162,"(568, 200, 743, 374)",16,,9.509,m,0.012,10.996,m
162,"(61, 110, 242, 290)",17,,22.679,f,-11.872,-9.543,f
163,"(59, 112, 234, 287)",17,,17.484,f,-12.458,-9.543,f
164,"(60, 109, 244, 293)",17,,21.564,f,-11.793,-9.543,f
165,"(39, 105, 255, 321)",17,0.998,15.580,f,-12.435,-9.543,f
165,"(715, 15, 905, 204)",18,0.889,,f,-5.252,-3.720,f
165,"(324, 144, 483, 304)",19,0.684,,f,-19.053,-19.774,f
166,"(36, 107, 249, 319)",17,,19.654,f,-12.904,-9.543,f
166,"(716, 15, 905, 204)",18,,25.531,f,-3.494,-3.720,f
166,"(324, 146, 484, 306)",19,,22.320,f,-19.736,-19.774,f
167,"(45, 109, 255, 319)",17,,20.688,f,-11.756,-9.543,f
167,"(717, 16, 906, 205)",18,,25.276,f,-3.036,-3.720,f
167,"(325, 149, 484, 308)",19,,22.741,f,-19.390,-19.774,f
168,"(40, 107, 249, 316)",17,,23.762,f,-10.669,-9.543,f
168,"(719, 17, 907, 206)",18,,24.654,f,-3.769,-3.720,f
168,"(326, 151, 485, 310)",19,,22.861,f,-20.276,-19.774,f
169,"(40, 107, 253, 321)",17,,26.247,f,-10.208,-9.543,f
169,"(721, 17, 909, 206)",18,,23.640,f,-3.049,-3.720,f
169,"(327, 153, 486, 312)",19,,23.127,f,-20.416,-19.774,f
170,"(40, 108, 253, 321)",17,0.997,25.764,f,-9.502,-9.543,f
170,"(558, 193, 739, 375)",20,0.975,,m,10.721,11.714,m
171,"(40, 109, 253, 321)",17,,28.412,f,-10.207,-9.543,f
171,"(557, 193, 738, 375)",20,,27.261,m,10.983,11.714,m
172,"(40, 109, 252, 321)",17,,27.267,f,-9.179,-9.543,f
172,"(555, 193, 737, 375)",20,,26.830,m,11.618,11.714,m
173,"(38, 108, 251, 321)",17,,27.378,f,-8.180,-9.543,f
173,"(554, 193, 736, 375)",20,,24.289,m,10.353,11.714,m
174,"(36, 110, 243, 318)",17,,20.474,f,-11.329,-9.543,f
174,"(553, 195, 729, 371)",20,,14.457,m,14.894,11.714,m
175,"(37, 106, 252, 321)",17,0.987,21.935,f,-9.060,-9.543,f
176,"(36, 109, 245, 318)",17,,18.885,f,-11.123,-9.543,f
177,"(40, 105, 257, 322)",17,,19.100,f,-9.395,-9.543,f
178,"(38, 106, 248, 316)",17,,23.965,f,-9.566,-9.543,f
179,"(37, 106, 252, 320)",17,,25.461,f,-9.800,-9.543,f
180,"(43, 104, 245, 307)",17,0.979,21.270,f,-8.372,-9.543,f
180,"(570, 203, 727, 361)",21,0.886,,m,17.119,12.031,m
180,"(775, -5, 903, 121)",22,0.882,,f,-5.148,-3.112,f
181,"(42, 103, 245, 306)",17,,20.224,f,-9.525,-9.543,f
181,"(569, 202, 726, 359)",21,,25.792,m,17.679,12.031,m
181,"(776, -10, 905, 118)",22,,10.677,f,-1.076,-3.112,f
182,"(41, 102, 244, 304)",17,,16.742,f,-5.647,-9.543,f
182,"(567, 200, 724, 357)",21,,26.069,m,17.184,12.031,m
183,"(41, 100, 243, 302)",17,,13.677,f,-0.467,-9.543,f
183,"(567, 198, 724, 355)",21,,25.145,m,17.361,12.031,m
184,"(44, 98, 247, 300)",17,,9.946,m,0.567,-9.543,f
184,"(571, 197, 727, 353)",21,,21.255,m,15.038,12.031,m
185,"(559, 187, 732, 359)",21,0.800,20.341,m,12.247,12.031,m
186,"(561, 185, 738, 362)",21,,23.878,m,12.014,12.031,m
187,"(562, 186, 734, 359)",21,,25.856,m,10.070,12.031,m
188,"(564, 185, 741, 362)",21,,23.925,m,9.677,12.031,m
189,"(566, 185, 737, 357)",21,,24.468,m,10.070,12.031,m
190,"(566, 184, 735, 354)",21,0.742,24.899,m,7.781,12.031,m
190,"(50, 89, 230, 269)",23,0.723,,f,-9.627,-10.181,f
191,"(569, 183, 739, 353)",21,,21.123,m,9.521,12.031,m
191,"(48, 91, 224, 267)",23,,17.394,f,-5.879,-10.181,f
192,"(568, 183, 735, 351)",21,,24.109,m,9.494,12.031,m
192,"(49, 90, 228, 269)",23,,23.346,f,-9.123,-10.181,f
193,"(572, 182, 738, 348)",21,,14.424,m,3.175,12.031,m
193,"(47, 90, 227, 269)",23,,23.420,f,-10.466,-10.181,f
194,"(45, 89, 225, 269)",23,,24.463,f,-9.518,-10.181,f
195,"(31, 95, 246, 309)",23,0.977,12.127,f,-11.487,-10.181,f
195,"(761, -10, 907, 134)",24,0.935,,f,-5.717,-3.003,f
196,"(30, 95, 244, 309)",23,,26.870,f,-11.869,-10.181,f
196,"(760, -6, 906, 139)",24,,23.978,f,-4.470,-3.003,f
197,"(30, 95, 244, 309)",23,,26.439,f,-10.763,-10.181,f
197,"(747, -12, 911, 151)",24,,15.866,f,-3.336,-3.003,f
198,"(29, 95, 243, 308)",23,,25.376,f,-10.715,-10.181,f
198,"(744, -12, 921, 164)",24,,9.152,m,1.509,-3.003,f
199,"(29, 94, 242, 307)",23,,24.302,f,-10.687,-10.181,f
200,"(25, 92, 240, 307)",23,0.968,25.062,f,-10.209,-10.181,f
200,"(574, 188, 741, 354)",25,0.816,,m,6.273,6.155,m
201,"(24, 92, 238, 306)",23,,25.919,f,-9.767,-10.181,f
201,"(575, 189, 741, 355)",25,,26.280,m,6.305,6.155,m
202,"(22, 92, 236, 306)",23,,24.855,f,-11.099,-10.181,f
202,"(573, 191, 735, 354)",25,,19.001,m,6.325,6.155,m
203,"(15, 88, 232, 305)",23,,21.424,f,-10.104,-10.181,f
203,"(572, 188, 745, 360)",25,,22.897,m,5.157,6.155,m
204,"(11, 93, 226, 308)",23,,19.665,f,-10.970,-10.181,f
204,"(568, 187, 736, 356)",25,,12.935,m,6.716,6.155,m
205,"(15, 98, 229, 311)",23,0.999,16.762,f,-12.020,-10.181,f
205,"(754, -1, 913, 158)",26,0.968,,f,-10.983,-11.010,f
206,"(10, 102, 216, 307)",23,,16.099,f,-11.659,-10.181,f
206,"(759, -2, 910, 149)",26,,25.628,f,-11.477,-11.010,f
207,"(9, 101, 220, 313)",23,,18.014,f,-12.324,-10.181,f
207,"(759, -7, 915, 148)",26,,19.386,f,-11.310,-11.010,f
208,"(3, 104, 208, 309)",23,,9.396,f,-5.145,-10.181,f
208,"(760, -10, 915, 144)",26,,13.897,f,-10.269,-11.010,f
210,"(582, 198, 723, 340)",27,0.982,,m,5.593,4.810,m
211,"(580, 200, 717, 337)",27,,20.484,m,6.175,4.810,m
212,"(580, 200, 719, 340)",27,,23.882,m,6.251,4.810,m
213,"(577, 203, 715, 341)",27,,19.774,m,8.389,4.810,m
214,"(578, 204, 716, 343)",27,,21.269,m,6.814,4.810,m
215,"(583, 206, 720, 343)",27,0.972,16.381,m,5.675,4.810,m
215,"(4, 117, 207, 320)",28,0.986,,f,-9.423,-9.968,f
215,"(766, -8, 909, 134)",29,0.952,,m,2.036,-9.080,f
216,"(580, 208, 716, 344)",27,,19.512,m,4.582,4.810,m
216,"(-1, 120, 197, 319)",28,,18.111,f,-7.239,-9.968,f
216,"(768, -8, 916, 139)",29,,19.418,f,-3.354,-9.080,f
217,"(581, 210, 717, 345)",27,,20.631,m,3.050,4.810,m
217,"(-5, 119, 195, 320)",28,,15.341,f,-8.110,-9.968,f
217,"(768, -2, 910, 138)",29,,16.267,f,-1.935,-9.080,f
218,"(575, 212, 711, 348)",27,,12.854,m,5.298,4.810,m
218,"(-13, 120, 188, 322)",28,,14.131,f,-8.263,-9.968,f
218,"(770, 0, 914, 143)",29,,21.003,f,-3.336,-9.080,f
219,"(573, 216, 706, 349)",27,,11.462,m,5.917,4.810,m
219,"(-22, 123, 186, 332)",28,,13.458,f,-12.092,-9.968,f
219,"(769, 6, 913, 150)",29,,17.401,f,-2.281,-9.080,f
220,"(575, 209, 719, 353)",27,0.674,10.090,m,4.715,4.810,m
220,"(-28, 119, 190, 339)",28,0.989,10.455,f,-10.656,-9.968,f
220,"(764, 7, 915, 158)",29,0.942,16.256,f,-8.313,-9.080,f
220,"(284, 74, 441, 232)",30,0.958,,f,-12.951,-16.847,f
221,"(571, 215, 712, 356)",27,,18.833,m,2.247,4.810,m
221,"(-35, 127, 182, 345)",28,,25.196,f,-8.319,-9.968,f
221,"(762, 14, 915, 166)",29,,26.882,f,-8.891,-9.080,f
221,"(278, 76, 436, 233)",30,,19.747,f,-15.002,-16.847,f
222,"(567, 216, 704, 353)",27,,14.810,m,3.214,4.810,m
222,"(-39, 137, 169, 347)",28,,21.375,f,-10.473,-9.968,f
222,"(762, 23, 913, 173)",29,,23.487,f,-10.269,-9.080,f
222,"(273, 78, 430, 235)",30,,18.252,f,-17.362,-16.847,f
223,"(564, 223, 700, 359)",27,,12.234,m,1.937,4.810,m
223,"(-46, 146, 167, 360)",28,,19.179,f,-10.220,-9.968,f
223,"(763, 29, 910, 176)",29,,21.885,f,-10.869,-9.080,f
223,"(266, 78, 425, 237)",30,,18.384,f,-16.529,-16.847,f
224,"(558, 224, 695, 361)",27,,10.203,m,2.299,4.810,m
224,"(-51, 156, 156, 363)",28,,16.901,f,-9.801,-9.968,f
224,"(765, 37, 905, 177)",29,,17.919,f,-9.452,-9.080,f
224,"(260, 83, 420, 243)",30,,15.660,f,-16.340,-16.847,f
225,"(-48, 151, 178, 377)",28,0.756,14.357,f,-12.758,-9.968,f
225,"(766, 41, 911, 186)",29,0.989,18.511,f,-8.975,-9.080,f
225,"(264, 78, 423, 236)",30,0.718,17.415,f,-18.992,-16.847,f
225,"(569, 216, 721, 368)",31,0.884,,m,10.611,14.608,m
226,"(-56, 156, 173, 386)",28,,24.218,f,-11.174,-9.968,f
226,"(765, 48, 910, 193)",29,,25.712,f,-10.069,-9.080,f
226,"(261, 79, 419, 238)",30,,26.854,f,-21.056,-16.847,f
226,"(567, 220, 711, 363)",31,,16.010,m,8.918,14.608,m
227,"(-56, 162, 165, 384)",28,,21.846,f,-11.258,-9.968,f
227,"(767, 54, 907, 194)",29,,20.220,f,-9.190,-9.080,f
227,"(258, 82, 415, 238)",30,,26.169,f,-20.419,-16.847,f
227,"(566, 219, 715, 369)",31,,19.216,m,10.489,14.608,m
228,"(-64, 167, 160, 392)",28,,19.003,f,-10.059,-9.968,f
228,"(768, 57, 912, 201)",29,,26.930,f,-8.977,-9.080,f
228,"(255, 83, 411, 238)",30,,22.363,f,-19.370,-16.847,f
228,"(565, 223, 710, 368)",31,,17.742,m,8.867,14.608,m
229,"(-68, 175, 155, 399)",28,,17.795,f,-9.669,-9.968,f
229,"(769, 65, 909, 206)",29,,22.147,f,-7.943,-9.080,f
229,"(255, 85, 412, 242)",30,,26.347,f,-19.499,-16.847,f
229,"(564, 222, 715, 373)",31,,18.606,m,12.088,14.608,m
230,"(772, 70, 914, 212)",29,0.983,18.848,f,-7.632,-9.080,f
230,"(251, 90, 410, 249)",30,0.976,23.782,f,-18.485,-16.847,f
230,"(566, 226, 731, 391)",31,0.956,13.738,m,13.897,14.608,m
231,"(773, 78, 914, 219)",29,,27.873,f,-9.265,-9.080,f
231,"(247, 89, 412, 254)",30,,25.474,f,-19.477,-16.847,f
231,"(567, 228, 733, 393)",31,,27.076,m,16.319,14.608,m
232,"(776, 82, 917, 223)",29,,28.323,f,-6.278,-9.080,f
232,"(251, 98, 407, 254)",30,,19.452,f,-17.361,-16.847,f
232,"(568, 230, 734, 396)",31,,26.664,m,15.617,14.608,m
233,"(778, 89, 914, 225)",29,,19.942,f,-4.866,-9.080,f
233,"(256, 100, 413, 256)",30,,22.453,f,-19.283,-16.847,f
233,"(570, 231, 736, 398)",31,,26.709,m,16.530,14.608,m
234,"(781, 91, 919, 229)",29,,24.098,f,-6.817,-9.080,f
234,"(254, 102, 409, 257)",30,,24.006,f,-18.340,-16.847,f
234,"(571, 232, 737, 399)",31,,26.150,m,16.128,14.608,m
235,"(788, 92, 927, 231)",29,0.978,22.996,f,-7.671,-9.080,f
235,"(257, 101, 411, 255)",30,0.891,19.256,f,-18.192,-16.847,f
235,"(572, 231, 735, 394)",31,0.885,18.308,m,15.412,14.608,m
236,"(790, 93, 929, 232)",29,,28.185,f,-8.467,-9.080,f
236,"(260, 102, 412, 254)",30,,22.190,f,-18.034,-16.847,f
236,"(572, 227, 744, 399)",31,,23.750,m,18.522,14.608,m
237,"(792, 91, 932, 232)",29,,24.372,f,-7.691,-9.080,f
237,"(256, 102, 407, 252)",30,,20.128,f,-18.804,-16.847,f
237,"(574, 229, 738, 393)",31,,25.265,m,16.215,14.608,m
238,"(791, 90, 929, 228)",29,,26.919,f,-7.639,-9.080,f
238,"(259, 99, 410, 250)",30,,25.397,f,-17.542,-16.847,f
238,"(574, 221, 747, 394)",31,,23.436,m,18.190,14.608,m
239,"(793, 86, 933, 226)",29,,20.830,f,-6.662,-9.080,f
239,"(255, 98, 405, 248)",30,,19.224,f,-17.914,-16.847,f
239,"(576, 223, 741, 388)",31,,24.648,m,16.136,14.608,m
240,"(789, 83, 928, 222)",29,0.985,23.842,f,-7.377,-9.080,f
240,"(250, 93, 411, 254)",30,0.954,23.257,f,-17.786,-16.847,f
240,"(575, 220, 740, 385)",31,0.764,24.679,m,15.764,14.608,m
241,"(790, 81, 932, 224)",29,,22.539,f,-7.309,-9.080,f
241,"(249, 93, 410, 254)",30,,27.701,f,-17.922,-16.847,f
241,"(575, 216, 749, 390)",31,,23.024,m,18.457,14.608,m
242,"(790, 83, 926, 219)",29,,22.974,f,-7.732,-9.080,f
242,"(246, 95, 406, 255)",30,,22.099,f,-17.791,-16.847,f
242,"(574, 219, 740, 385)",31,,18.212,m,8.710,14.608,m
243,"(791, 85, 929, 224)",29,,25.016,f,-8.953,-9.080,f
243,"(247, 97, 408, 258)",30,,27.738,f,-17.571,-16.847,f
243,"(575, 215, 755, 395)",31,,21.255,m,20.651,14.608,m
244,"(791, 88, 930, 227)",29,,26.833,f,-8.266,-9.080,f
244,"(249, 104, 405, 261)",30,,28.089,f,-16.201,-16.847,f
244,"(574, 217, 757, 400)",31,,16.901,m,18.036,14.608,m
245,"(794, 91, 929, 225)",29,0.992,19.121,f,-6.300,-9.080,f
245,"(250, 108, 405, 263)",30,0.989,26.756,f,-15.030,-16.847,f
245,"(571, 226, 745, 400)",31,0.837,13.958,m,14.302,14.608,m
246,"(796, 93, 931, 227)",29,,27.021,f,-5.747,-9.080,f
246,"(249, 111, 401, 264)",30,,19.655,f,-17.025,-16.847,f
246,"(576, 228, 754, 405)",31,,19.981,m,16.978,14.608,m
247,"(799, 92, 937, 230)",29,,23.486,f,-8.178,-9.080,f
247,"(253, 111, 406, 265)",30,,20.642,f,-17.735,-16.847,f
247,"(577, 227, 758, 408)",31,,18.545,m,15.429,14.608,m
248,"(800, 91, 942, 233)",29,,24.688,f,-10.364,-9.080,f
248,"(251, 111, 405, 265)",30,,27.202,f,-15.813,-16.847,f
248,"(586, 226, 769, 409)",31,,11.013,m,10.837,14.608,m
249,"(804, 89, 944, 229)",29,,23.606,f,-8.071,-9.080,f
249,"(255, 111, 407, 263)",30,,22.172,f,-17.839,-16.847,f
249,"(589, 225, 776, 412)",31,,11.370,m,12.104,14.608,m
250,"(807, 92, 938, 223)",29,0.998,20.740,f,-7.857,-9.080,f
250,"(253, 109, 405, 261)",30,0.983,19.999,f,-15.989,-16.847,f
250,"(582, 222, 752, 392)",32,0.729,,m,10.478,11.134,m
251,"(810, 91, 941, 222)",29,,27.666,f,-9.411,-9.080,f
251,"(256, 109, 408, 261)",30,,21.091,f,-16.681,-16.847,f
251,"(585, 217, 762, 394)",32,,24.403,m,13.558,11.134,m
252,"(812, 91, 943, 222)",29,,27.076,f,-11.597,-9.080,f
252,"(255, 110, 407, 263)",30,,27.535,f,-15.456,-16.847,f
252,"(596, 221, 769, 394)",32,,16.680,m,13.677,11.134,m
253,"(814, 88, 950, 224)",29,,20.375,f,-12.383,-9.080,f
253,"(254, 110, 406, 262)",30,,25.851,f,-16.616,-16.847,f
253,"(602, 222, 775, 394)",32,,15.415,m,12.136,11.134,m
254,"(813, 89, 947, 224)",29,,18.507,f,-13.066,-9.080,f
254,"(255, 112, 406, 263)",30,,26.333,f,-17.295,-16.847,f
254,"(608, 223, 780, 395)",32,,13.405,m,11.717,11.134,m
255,"(821, 92, 948, 219)",29,0.975,20.369,f,-12.673,-9.080,f
255,"(254, 111, 407, 264)",30,0.968,18.001,f,-19.003,-16.847,f
255,"(597, 227, 763, 393)",32,0.796,12.281,m,14.940,11.134,m
256,"(823, 90, 952, 219)",29,,23.749,f,-14.350,-9.080,f
256,"(253, 114, 403, 264)",30,,20.211,f,-17.789,-16.847,f
256,"(599, 228, 765, 394)",32,,26.132,m,11.183,11.134,m
257,"(822, 89, 949, 216)",29,,26.546,f,-12.432,-9.080,f
257,"(254, 114, 405, 265)",30,,27.290,f,-19.328,-16.847,f
257,"(600, 228, 766, 394)",32,,25.124,m,10.778,11.134,m
258,"(823, 85, 950, 212)",29,,25.751,f,-11.965,-9.080,f
258,"(254, 114, 404, 264)",30,,24.892,f,-18.448,-16.847,f
258,"(604, 228, 771, 394)",32,,19.081,m,8.939,11.134,m
259,"(823, 83, 950, 210)",29,,25.179,f,-13.132,-9.080,f
259,"(254, 113, 403, 262)",30,,25.608,f,-17.872,-16.847,f
259,"(598, 227, 765, 393)",32,,16.113,m,9.878,11.134,m
260,"(821, 79, 951, 208)",29,0.974,22.092,f,-13.722,-9.080,f
260,"(254, 110, 403, 259)",30,0.991,19.157,f,-17.738,-16.847,f
260,"(599, 233, 754, 388)",32,0.809,18.295,m,6.838,11.134,m
261,"(822, 75, 952, 205)",29,,26.665,f,-13.878,-9.080,f
261,"(254, 108, 402, 256)",30,,26.972,f,-16.126,-16.847,f
261,"(601, 230, 758, 387)",32,,21.056,m,7.854,11.134,m
262,"(824, 70, 956, 202)",29,,26.324,f,-10.409,-9.080,f
262,"(254, 105, 401, 253)",30,,26.294,f,-17.036,-16.847,f
262,"(600, 229, 754, 384)",32,,25.881,m,5.277,11.134,m
263,"(826, 65, 959, 198)",29,,24.909,f,-9.451,-9.080,f
263,"(256, 103, 405, 252)",30,,20.708,f,-16.304,-16.847,f
263,"(603, 227, 758, 383)",32,,21.248,m,6.516,11.134,m
264,"(830, 62, 962, 194)",29,,24.035,f,-9.676,-9.080,f
264,"(255, 103, 401, 249)",30,,23.936,f,-16.566,-16.847,f
264,"(601, 226, 756, 382)",32,,24.514,m,4.480,11.134,m
265,"(834, 61, 959, 186)",29,0.997,25.025,f,-9.488,-9.080,f
265,"(252, 99, 402, 250)",30,0.982,22.398,f,-16.215,-16.847,f
265,"(595, 229, 744, 378)",32,0.802,19.356,m,6.909,11.134,m
266,"(837, 59, 962, 185)",29,,27.189,f,-10.064,-9.080,f
266,"(253, 100, 403, 250)",30,,28.943,f,-15.902,-16.847,f
266,"(596, 230, 745, 379)",32,,27.456,m,6.071,11.134,m
267,"(840, 59, 964, 183)",29,,25.890,f,-8.917,-9.080,f
267,"(254, 101, 403, 250)",30,,28.010,f,-15.478,-16.847,f
267,"(596, 231, 746, 381)",32,,26.870,m,6.126,11.134,m
268,"(845, 57, 973, 185)",29,,20.418,f,-8.437,-9.080,f
268,"(255, 103, 403, 251)",30,,27.676,f,-16.758,-16.847,f
268,"(596, 232, 746, 382)",32,,26.785,m,6.921,11.134,m
269,"(847, 59, 972, 185)",29,,26.557,f,-9.082,-9.080,f
269,"(255, 104, 403, 251)",30,,27.493,f,-17.342,-16.847,f
269,"(593, 233, 744, 383)",32,,18.853,m,6.972,11.134,m
270,"(850, 61, 974, 184)",29,0.996,22.817,f,-8.581,-9.080,f
270,"(260, 109, 401, 250)",30,0.993,25.630,f,-17.528,-16.847,f
270,"(600, 231, 755, 386)",32,0.806,23.727,m,5.816,11.134,m
271,"(853, 59, 977, 183)",29,,26.476,f,-6.178,-9.080,f
271,"(261, 110, 402, 250)",30,,28.951,f,-16.840,-16.847,f
271,"(598, 233, 750, 385)",32,,21.261,m,5.430,11.134,m
272,"(857, 59, 983, 185)",29,,23.742,f,-7.977,-9.080,f
272,"(262, 111, 402, 250)",30,,28.117,f,-16.791,-16.847,f
272,"(598, 233, 753, 388)",32,,24.941,m,4.477,11.134,m
273,"(858, 60, 983, 185)",29,,25.259,f,-8.983,-9.080,f
273,"(264, 112, 403, 252)",30,,26.740,f,-17.012,-16.847,f
273,"(595, 234, 749, 388)",32,,20.927,m,5.618,11.134,m
274,"(861, 58, 991, 188)",29,,21.175,f,-8.053,-9.080,f
274,"(265, 114, 404, 253)",30,,27.011,f,-19.551,-16.847,f
274,"(596, 233, 752, 390)",32,,25.414,m,5.001,11.134,m
275,"(863, 60, 989, 186)",29,0.986,19.656,f,-7.784,-9.080,f
275,"(263, 115, 404, 256)",30,0.991,25.597,f,-16.604,-16.847,f
275,"(594, 235, 749, 390)",32,0.817,22.437,m,4.469,11.134,m
276,"(867, 60, 995, 188)",29,,23.112,f,-8.651,-9.080,f
276,"(265, 117, 406, 258)",30,,25.048,f,-16.434,-16.847,f
276,"(591, 237, 743, 389)",32,,21.367,m,6.147,11.134,m
277,"(868, 61, 995, 189)",29,,28.130,f,-10.790,-9.080,f
277,"(270, 120, 411, 260)",30,,19.015,f,-14.996,-16.847,f
277,"(592, 237, 746, 392)",32,,25.923,m,5.540,11.134,m
278,"(871, 62, 1000, 191)",29,,22.184,f,-10.666,-9.080,f
278,"(271, 122, 411, 262)",30,,22.989,f,-14.756,-16.847,f
278,"(589, 239, 741, 391)",32,,19.706,m,6.832,11.134,m
279,"(870, 65, 997, 191)",29,,19.160,f,-9.715,-9.080,f
279,"(277, 125, 415, 263)",30,,18.434,f,-15.770,-16.847,f
279,"(591, 240, 745, 393)",32,,24.334,m,5.788,11.134,m
280,"(871, 62, 1006, 197)",29,0.997,20.644,f,-10.382,-9.080,f
280,"(275, 124, 419, 267)",30,0.976,15.882,f,-16.938,-16.847,f
280,"(589, 238, 748, 397)",32,0.885,19.572,m,8.521,11.134,m
281,"(871, 65, 1007, 200)",29,,27.792,f,-11.307,-9.080,f
281,"(281, 126, 423, 268)",30,,22.789,f,-14.461,-16.847,f
281,"(590, 239, 748, 398)",32,,27.179,m,9.749,11.134,m
282,"(870, 68, 1003, 201)",29,,18.219,f,-10.355,-9.080,f
282,"(282, 127, 424, 269)",30,,25.966,f,-15.509,-16.847,f
282,"(588, 242, 744, 398)",32,,18.891,m,9.077,11.134,m
283,"(870, 69, 1005, 204)",29,,23.330,f,-9.945,-9.080,f
283,"(288, 129, 428, 269)",30,,21.123,f,-16.805,-16.847,f
283,"(589, 242, 748, 400)",32,,25.252,m,10.608,11.134,m
284,"(866, 73, 998, 205)",29,,16.330,f,-9.127,-9.080,f
284,"(288, 130, 428, 270)",30,,25.167,f,-16.237,-16.847,f
284,"(589, 243, 748, 402)",32,,26.638,m,9.764,11.134,m
285,"(868, 71, 1004, 207)",29,0.998,16.732,f,-6.726,-9.080,f
285,"(289, 128, 434, 273)",30,0.992,20.596,f,-9.924,-16.847,f
285,"(593, 242, 755, 405)",32,0.833,20.008,m,12.591,11.134,m
286,"(866, 74, 995, 203)",29,,16.559,f,-3.895,-9.080,f
286,"(289, 124, 440, 274)",30,,17.971,f,-7.147,-16.847,f
286,"(593, 243, 756, 406)",32,,26.944,m,12.284,11.134,m
287,"(864, 74, 998, 208)",29,,21.299,f,-4.705,-9.080,f
287,"(293, 127, 440, 273)",30,,15.887,f,-3.883,-16.847,f
287,"(594, 245, 757, 408)",32,,26.817,m,13.270,11.134,m
288,"(860, 77, 991, 209)",29,,15.377,f,-6.942,-9.080,f
288,"(298, 125, 446, 274)",30,,17.515,f,-10.439,-16.847,f
288,"(595, 246, 758, 410)",32,,26.619,m,13.533,11.134,m
289,"(861, 78, 992, 209)",29,,18.365,f,-6.580,-9.080,f
289,"(301, 128, 445, 273)",30,,21.813,f,-12.540,-16.847,f
289,"(596, 247, 759, 411)",32,,26.696,m,14.455,11.134,m
290,"(863, 78, 999, 213)",29,0.994,14.589,f,-6.632,-9.080,f
290,"(309, 134, 447, 272)",30,0.979,20.640,f,-13.867,-16.847,f
290,"(601, 252, 759, 410)",32,0.844,22.819,m,13.379,11.134,m
291,"(862, 81, 993, 212)",29,,21.379,f,-8.301,-9.080,f
291,"(315, 135, 452, 272)",30,,23.874,f,-13.936,-16.847,f
291,"(601, 253, 759, 412)",32,,27.026,m,14.136,11.134,m
292,"(863, 80, 997, 215)",29,,24.757,f,-6.978,-9.080,f
292,"(316, 136, 453, 273)",30,,25.442,f,-12.640,-16.847,f
292,"(602, 254, 760, 413)",32,,27.062,m,13.900,11.134,m
293,"(861, 82, 994, 215)",29,,18.622,f,-9.037,-9.080,f
293,"(321, 137, 459, 274)",30,,22.624,f,-12.538,-16.847,f
293,"(600, 257, 756, 412)",32,,18.746,m,11.123,11.134,m
294,"(862, 83, 996, 217)",29,,24.659,f,-8.662,-9.080,f
294,"(322, 138, 459, 276)",30,,24.361,f,-13.417,-16.847,f
294,"(601, 256, 759, 414)",32,,25.472,m,13.169,11.134,m
295,"(867, 85, 1000, 218)",29,0.995,19.462,f,-9.605,-9.080,f
295,"(327, 145, 457, 274)",30,0.997,19.106,f,-15.233,-16.847,f
295,"(599, 254, 760, 415)",32,0.726,19.899,m,12.966,11.134,m
295,"(-19, 161, 181, 363)",33,0.976,,f,-10.450,-10.925,f
296,"(867, 85, 1000, 218)",29,,27.038,f,-9.462,-9.080,f
296,"(329, 146, 458, 275)",30,,27.496,f,-16.357,-16.847,f
296,"(598, 253, 759, 414)",32,,26.203,m,12.311,11.134,m
296,"(-9, 161, 181, 351)",33,,23.827,f,-11.522,-10.925,f
297,"(867, 85, 1000, 218)",29,,26.873,f,-9.994,-9.080,f
297,"(334, 147, 461, 274)",30,,20.344,f,-15.112,-16.847,f
297,"(596, 254, 753, 411)",32,,20.746,m,13.117,11.134,m
297,"(-5, 158, 187, 352)",33,,18.666,f,-11.499,-10.925,f
298,"(868, 83, 1005, 220)",29,,21.960,f,-9.006,-9.080,f
298,"(333, 146, 463, 276)",30,,26.183,f,-17.348,-16.847,f
298,"(595, 254, 756, 415)",32,,22.709,m,12.589,11.134,m
298,"(-8, 147, 200, 357)",33,,18.782,f,-10.694,-10.925,f
299,"(866, 84, 999, 217)",29,,22.642,f,-9.712,-9.080,f
299,"(334, 148, 466, 279)",30,,22.802,f,-16.656,-16.847,f
299,"(591, 257, 751, 418)",32,,19.871,m,15.355,11.134,m
299,"(-7, 144, 206, 359)",33,,19.083,f,-11.326,-10.925,f
300,"(872, 90, 996, 215)",29,0.996,25.113,f,-9.389,-9.080,f
300,"(332, 150, 466, 284)",30,0.975,17.919,f,-17.132,-16.847,f
300,"(594, 253, 764, 424)",32,0.797,19.164,m,14.549,11.134,m
300,"(-15, 146, 203, 365)",33,0.998,20.665,f,-11.810,-10.925,f
301,"(872, 92, 997, 217)",29,,28.122,f,-8.462,-9.080,f
301,"(333, 152, 468, 287)",30,,26.681,f,-17.292,-16.847,f
301,"(592, 258, 759, 425)",32,,21.890,m,14.941,11.134,m
301,"(-9, 144, 213, 367)",33,,19.941,f,-11.542,-10.925,f
302,"(873, 93, 998, 218)",29,,28.400,f,-9.868,-9.080,f
302,"(334, 154, 469, 289)",30,,27.298,f,-18.291,-16.847,f
302,"(592, 258, 762, 428)",32,,24.653,m,14.410,11.134,m
302,"(-9, 144, 213, 367)",33,,24.700,f,-10.212,-10.925,f
303,"(873, 94, 998, 219)",29,,28.343,f,-7.596,-9.080,f
303,"(335, 155, 471, 291)",30,,27.633,f,-17.265,-16.847,f
303,"(588, 260, 757, 429)",32,,19.139,m,14.817,11.134,m
303,"(-7, 143, 221, 372)",33,,25.103,f,-10.496,-10.925,f
304,"(874, 95, 999, 221)",29,,27.746,f,-7.527,-9.080,f
304,"(336, 156, 472, 292)",30,,27.291,f,-18.401,-16.847,f
304,"(590, 261, 759, 430)",32,,22.190,m,14.745,11.134,m
304,"(-1, 141, 227, 369)",33,,22.181,f,-11.009,-10.925,f
305,"(870, 95, 998, 224)",29,0.998,26.575,f,-6.025,-9.080,f
305,"(340, 155, 478, 294)",30,0.882,25.268,f,-16.855,-16.847,f
305,"(598, 265, 764, 431)",32,0.776,15.215,m,14.475,11.134,m
305,"(7, 139, 231, 363)",33,1.000,22.627,f,-10.721,-10.925,f
306,"(870, 96, 999, 224)",29,,28.818,f,-5.820,-9.080,f
306,"(340, 155, 479, 294)",30,,28.491,f,-16.582,-16.847,f
306,"(598, 265, 764, 431)",32,,26.525,m,14.275,11.134,m
306,"(8, 137, 242, 370)",33,,26.015,f,-11.858,-10.925,f
307,"(871, 97, 1000, 225)",29,,28.073,f,-6.467,-9.080,f
307,"(341, 154, 485, 297)",30,,23.124,f,-17.741,-16.847,f
307,"(598, 264, 764, 431)",32,,26.001,m,14.702,11.134,m
307,"(16, 137, 244, 365)",33,,21.570,f,-10.120,-10.925,f
308,"(872, 97, 1001, 226)",29,,28.125,f,-5.954,-9.080,f
308,"(336, 153, 480, 297)",30,,18.545,f,-19.824,-16.847,f
308,"(598, 264, 764, 431)",32,,27.062,m,14.932,11.134,m
308,"(9, 136, 241, 368)",33,,17.743,f,-8.960,-10.925,f
309,"(873, 98, 1002, 227)",29,,26.794,f,-5.435,-9.080,f
309,"(341, 153, 486, 298)",30,,20.898,f,-17.046,-16.847,f
309,"(598, 264, 765, 431)",32,,26.695,m,14.873,11.134,m
309,"(18, 137, 252, 371)",33,,19.476,f,-7.830,-10.925,f
310,"(867, 95, 1007, 234)",29,0.998,22.876,f,-8.337,-9.080,f
310,"(343, 158, 479, 294)",30,0.886,26.697,f,-18.416,-16.847,f
310,"(600, 266, 766, 432)",32,0.747,18.575,m,14.335,11.134,m
310,"(27, 141, 258, 373)",33,0.995,15.676,f,-8.264,-10.925,f
311,"(869, 95, 1008, 235)",29,,28.130,f,-8.538,-9.080,f
311,"(344, 160, 480, 295)",30,,28.360,f,-17.725,-16.847,f
311,"(601, 268, 767, 434)",32,,26.798,m,13.270,11.134,m
311,"(29, 143, 263, 377)",33,,25.240,f,-7.634,-10.925,f
312,"(869, 94, 1014, 239)",29,,24.383,f,-8.727,-9.080,f
312,"(344, 161, 480, 297)",30,,28.300,f,-18.415,-16.847,f
312,"(602, 270, 768, 436)",32,,26.130,m,13.206,11.134,m
312,"(33, 147, 266, 379)",33,,23.707,f,-8.041,-10.925,f
313,"(870, 95, 1010, 235)",29,,26.082,f,-8.264,-9.080,f
313,"(344, 163, 477, 296)",30,,19.071,f,-18.060,-16.847,f
313,"(603, 272, 769, 439)",32,,25.824,m,12.358,11.134,m
313,"(37, 150, 267, 380)",33,,22.163,f,-8.956,-10.925,f
314,"(871, 92, 1014, 236)",29,,21.142,f,-6.399,-9.080,f
314,"(344, 162, 480, 298)",30,,26.122,f,-18.189,-16.847,f
314,"(604, 274, 770, 440)",32,,25.241,m,11.650,11.134,m
314,"(39, 151, 270, 382)",33,,20.954,f,-10.219,-10.925,f
315,"(871, 94, 1009, 232)",29,0.999,21.367,f,-8.086,-9.080,f
315,"(346, 163, 481, 298)",30,0.831,18.645,f,-18.164,-16.847,f
315,"(604, 271, 772, 439)",32,0.791,21.549,m,13.517,11.134,m
315,"(44, 146, 279, 380)",33,0.999,18.350,f,-11.970,-10.925,f
316,"(872, 91, 1014, 234)",29,,22.720,f,-6.510,-9.080,f
316,"(346, 164, 481, 299)",30,,28.427,f,-17.652,-16.847,f
316,"(605, 272, 773, 440)",32,,26.602,m,13.622,11.134,m
316,"(46, 146, 282, 382)",33,,28.371,f,-12.481,-10.925,f
317,"(872, 92, 1011, 231)",29,,27.099,f,-7.690,-9.080,f
317,"(346, 165, 481, 300)",30,,27.625,f,-17.565,-16.847,f
317,"(607, 274, 774, 441)",32,,26.163,m,12.579,11.134,m
317,"(48, 148, 284, 383)",33,,28.117,f,-11.320,-10.925,f
318,"(873, 90, 1016, 233)",29,,22.373,f,-6.497,-9.080,f
318,"(345, 167, 478, 300)",30,,19.556,f,-17.788,-16.847,f
318,"(608, 275, 775, 442)",32,,26.147,m,11.631,11.134,m
318,"(51, 149, 286, 384)",33,,28.101,f,-12.332,-10.925,f
319,"(873, 91, 1012, 231)",29,,26.100,f,-7.498,-9.080,f
319,"(346, 167, 481, 302)",30,,25.461,f,-17.984,-16.847,f
319,"(609, 276, 776, 442)",32,,25.640,m,11.938,11.134,m
319,"(53, 150, 287, 385)",33,,27.610,f,-11.520,-10.925,f
320,"(878, 97, 1006, 225)",29,0.999,19.666,f,-7.130,-9.080,f
320,"(343, 171, 469, 297)",30,0.959,23.172,f,-16.753,-16.847,f
320,"(606, 277, 778, 449)",32,0.877,23.644,m,10.552,11.134,m
320,"(53, 146, 291, 385)",33,0.998,18.337,f,-12.296,-10.925,f
321,"(879, 98, 1007, 225)",29,,28.526,f,-8.983,-9.080,f
321,"(342, 173, 465, 295)",30,,20.165,f,-14.261,-16.847,f
321,"(606, 277, 778, 449)",32,,27.600,m,11.338,11.134,m
321,"(55, 143, 301, 390)",33,,23.774,f,-13.683,-10.925,f
322,"(880, 98, 1008, 226)",29,,28.315,f,-9.117,-9.080,f
322,"(347, 174, 469, 296)",30,,20.451,f,-16.074,-16.847,f
322,"(606, 278, 778, 450)",32,,28.154,m,10.949,11.134,m
322,"(57, 147, 294, 384)",33,,25.934,f,-13.232,-10.925,f
323,"(881, 99, 1009, 227)",29,,28.129,f,-9.194,-9.080,f
323,"(344, 174, 462, 292)",30,,17.666,f,-14.438,-16.847,f
323,"(605, 281, 772, 448)",32,,19.588,m,13.023,11.134,m
323,"(61, 145, 301, 386)",33,,22.367,f,-11.953,-10.925,f
324,"(881, 99, 1010, 228)",29,,27.172,f,-9.332,-9.080,f
324,"(346, 174, 468, 296)",30,,18.924,f,-17.493,-16.847,f
324,"(604, 279, 777, 452)",32,,25.451,m,10.463,11.134,m
324,"(55, 146, 291, 383)",33,,23.590,f,-9.781,-10.925,f
325,"(873, 94, 1011, 231)",29,0.998,20.912,f,-11.273,-9.080,f
325,"(338, 169, 470, 301)",30,0.980,18.894,f,-18.989,-16.847,f
325,"(606, 283, 773, 449)",32,0.814,26.871,m,11.422,11.134,m
325,"(59, 157, 280, 379)",33,0.984,22.259,f,-10.766,-10.925,f
326,"(873, 94, 1011, 232)",29,,27.676,f,-9.960,-9.080,f
326,"(335, 168, 467, 299)",30,,23.019,f,-15.990,-16.847,f
326,"(604, 285, 767, 449)",32,,19.901,m,12.629,11.134,m
326,"(59, 157, 279, 377)",33,,25.909,f,-13.756,-10.925,f
327,"(873, 93, 1011, 231)",29,,27.055,f,-11.129,-9.080,f
327,"(336, 169, 468, 301)",30,,27.477,f,-17.184,-16.847,f
327,"(605, 285, 772, 451)",32,,25.028,m,11.533,11.134,m
327,"(62, 154, 285, 377)",33,,20.056,f,-9.732,-10.925,f
328,"(873, 93, 1011, 231)",29,,25.968,f,-11.756,-9.080,f
328,"(335, 169, 466, 300)",30,,26.498,f,-17.054,-16.847,f
328,"(605, 285, 772, 451)",32,,26.569,m,10.478,11.134,m
328,"(64, 157, 277, 370)",33,,22.464,f,-13.439,-10.925,f
329,"(872, 92, 1011, 230)",29,,25.429,f,-11.558,-9.080,f
329,"(335, 168, 465, 298)",30,,25.237,f,-17.966,-16.847,f
329,"(606, 282, 778, 454)",32,,20.096,m,11.414,11.134,m
329,"(70, 154, 283, 367)",33,,17.756,f,-10.970,-10.925,f
330,"(874, 92, 1009, 227)",29,0.998,24.698,f,-12.513,-9.080,f
330,"(335, 167, 463, 295)",30,0.992,23.721,f,-18.170,-16.847,f
330,"(609, 285, 769, 446)",32,0.861,25.357,m,10.891,11.134,m
331,"(874, 89, 1009, 225)",29,,28.020,f,-12.743,-9.080,f
331,"(334, 164, 466, 296)",30,,27.881,f,-18.609,-16.847,f
331,"(614, 284, 772, 442)",32,,22.256,m,12.574,11.134,m
332,"(874, 87, 1009, 222)",29,,27.017,f,-12.869,-9.080,f
332,"(335, 160, 467, 292)",30,,22.806,f,-19.082,-16.847,f
332,"(610, 281, 771, 442)",32,,27.054,m,12.126,11.134,m
333,"(874, 85, 1009, 221)",29,,26.687,f,-12.985,-9.080,f
333,"(337, 159, 466, 288)",30,,20.222,f,-17.939,-16.847,f
333,"(615, 281, 774, 439)",32,,21.885,m,13.291,11.134,m
334,"(873, 84, 1009, 219)",29,,26.302,f,-13.600,-9.080,f
334,"(338, 157, 465, 284)",30,,19.617,f,-18.306,-16.847,f
334,"(612, 278, 773, 439)",32,,26.531,m,12.382,11.134,m
335,"(872, 81, 1007, 216)",29,0.998,27.012,f,-11.708,-9.080,f
335,"(334, 152, 464, 282)",30,0.998,24.511,f,-18.073,-16.847,f
335,"(610, 272, 778, 440)",32,0.888,19.643,m,11.705,11.134,m
336,"(871, 80, 1006, 215)",29,,27.296,f,-12.723,-9.080,f
336,"(336, 149, 464, 277)",30,,27.564,f,-17.501,-16.847,f
336,"(612, 269, 784, 441)",32,,21.998,m,12.488,11.134,m
337,"(871, 79, 1006, 214)",29,,26.938,f,-11.599,-9.080,f
337,"(335, 147, 464, 276)",30,,27.569,f,-18.463,-16.847,f
337,"(611, 270, 780, 439)",32,,25.251,m,10.758,11.134,m
338,"(870, 78, 1005, 213)",29,,27.502,f,-12.263,-9.080,f
338,"(335, 145, 464, 274)",30,,27.110,f,-18.049,-16.847,f
338,"(612, 268, 785, 441)",32,,20.168,m,12.020,11.134,m
339,"(869, 77, 1004, 212)",29,,27.355,f,-11.027,-9.080,f
339,"(335, 143, 464, 272)",30,,26.491,f,-16.673,-16.847,f
339,"(611, 269, 781, 438)",32,,24.529,m,11.288,11.134,m
340,"(869, 74, 1005, 210)",29,0.999,23.071,f,-9.911,-9.080,f
340,"(336, 141, 464, 269)",30,0.998,19.274,f,-17.029,-16.847,f
340,"(607, 262, 788, 443)",32,0.888,19.330,m,13.055,11.134,m
340,"(15, 138, 208, 330)",34,0.745,,f,-10.614,-10.580,f
341,"(868, 73, 1004, 209)",29,,27.290,f,-9.397,-9.080,f
341,"(339, 140, 465, 266)",30,,22.106,f,-16.165,-16.847,f
341,"(607, 258, 795, 445)",32,,20.471,m,11.957,11.134,m
341,"(3, 135, 195, 328)",34,,17.891,f,-11.323,-10.580,f
342,"(868, 72, 1004, 208)",29,,26.862,f,-9.362,-9.080,f
342,"(337, 138, 465, 266)",30,,27.371,f,-16.513,-16.847,f
342,"(607, 260, 789, 441)",32,,24.972,m,11.243,11.134,m
342,"(-5, 132, 189, 326)",34,,16.251,f,-13.091,-10.580,f
343,"(868, 71, 1004, 207)",29,,26.852,f,-9.410,-9.080,f
343,"(341, 139, 467, 265)",30,,22.781,f,-16.957,-16.847,f
343,"(607, 256, 796, 445)",32,,21.418,m,11.417,11.134,m
343,"(-12, 130, 179, 322)",34,,16.801,f,-9.059,-10.580,f
344,"(868, 71, 1004, 207)",29,,25.629,f,-8.157,-9.080,f
344,"(339, 137, 467, 265)",30,,26.802,f,-17.029,-16.847,f
344,"(608, 259, 790, 441)",32,,24.794,m,10.789,11.134,m
344,"(-25, 125, 166, 317)",34,,12.330,f,-8.814,-10.580,f
345,"(866, 70, 1003, 207)",29,0.998,24.137,f,-12.179,-9.080,f
345,"(339, 134, 471, 266)",30,0.991,17.361,f,-16.989,-16.847,f
345,"(610, 262, 789, 441)",32,0.898,24.688,m,11.548,11.134,m
346,"(868, 67, 1008, 207)",29,,24.008,f,-10.267,-9.080,f
346,"(342, 132, 473, 264)",30,,21.767,f,-16.671,-16.847,f
346,"(610, 258, 795, 444)",32,,21.540,m,11.369,11.134,m
347,"(868, 67, 1006, 205)",29,,27.345,f,-12.099,-9.080,f
347,"(339, 130, 473, 263)",30,,27.741,f,-16.392,-16.847,f
347,"(609, 260, 790, 441)",32,,24.981,m,12.057,11.134,m
348,"(870, 65, 1010, 206)",29,,24.162,f,-11.124,-9.080,f
348,"(341, 128, 475, 262)",30,,21.732,f,-17.784,-16.847,f
348,"(610, 257, 797, 444)",32,,22.260,m,11.370,11.134,m
349,"(870, 65, 1008, 203)",29,,27.190,f,-12.429,-9.080,f
349,"(338, 125, 474, 261)",30,,27.291,f,-17.682,-16.847,f
349,"(610, 260, 791, 441)",32,,24.747,m,11.386,11.134,m
350,"(873, 67, 1006, 201)",29,0.996,23.929,f,-13.051,-9.080,f
350,"(336, 122, 473, 259)",30,0.962,25.104,f,-17.242,-16.847,f
350,"(612, 261, 791, 439)",32,0.947,21.135,m,12.538,11.134,m
351,"(875, 64, 1015, 205)",29,,19.476,f,-11.454,-9.080,f
351,"(339, 120, 476, 257)",30,,22.556,f,-17.971,-16.847,f
351,"(613, 261, 792, 440)",32,,27.840,m,11.886,11.134,m
352,"(876, 65, 1011, 200)",29,,25.831,f,-12.592,-9.080,f
352,"(337, 118, 476, 257)",30,,27.908,f,-17.737,-16.847,f
352,"(614, 262, 793, 441)",32,,27.615,m,10.826,11.134,m
353,"(877, 65, 1011, 200)",29,,27.437,f,-11.342,-9.080,f
353,"(339, 117, 479, 257)",30,,22.314,f,-17.608,-16.847,f
353,"(614, 262, 793, 442)",32,,27.292,m,12.207,11.134,m
354,"(876, 68, 1007, 199)",29,,19.612,f,-11.356,-9.080,f
354,"(337, 117, 477, 257)",30,,27.292,f,-18.365,-16.847,f
354,"(614, 263, 793, 442)",32,,27.057,m,12.324,11.134,m
355,"(877, 66, 1010, 199)",29,0.995,27.374,f,-12.194,-9.080,f
355,"(338, 114, 483, 260)",30,0.951,19.677,f,-18.028,-16.847,f
355,"(613, 262, 794, 443)",32,0.974,27.400,m,12.530,11.134,m
356,"(876, 68, 1006, 198)",29,,19.631,f,-9.804,-9.080,f
356,"(341, 115, 485, 259)",30,,21.836,f,-18.042,-16.847,f
356,"(612, 264, 789, 442)",32,,18.581,m,11.466,11.134,m
357,"(876, 66, 1009, 199)",29,,26.500,f,-9.917,-9.080,f
357,"(337, 115, 480, 258)",30,,18.476,f,-18.375,-16.847,f
357,"(613, 263, 793, 444)",32,,25.697,m,12.076,11.134,m
