frame,bbox,detect_conf,sex_decfunc,sex_label
0,"(61, 100, 274, 313)",0.998,-9.418,f
0,"(951, -6, 1130, 172)",0.988,11.824,m
0,"(744, 17, 932, 206)",0.987,-6.632,f
0,"(557, 198, 733, 374)",0.934,18.387,m
0,"(312, 161, 497, 346)",0.809,-12.884,f
1,"(61, 100, 274, 313)",0.998,-7.373,f
1,"(950, -6, 1130, 172)",0.99,12.189,m
1,"(744, 17, 933, 206)",0.987,-8.159,f
1,"(558, 199, 733, 375)",0.954,18.365,m
1,"(312, 161, 497, 347)",0.786,-12.675,f
2,"(62, 102, 276, 315)",0.998,-10.251,f
2,"(950, -6, 1129, 171)",0.989,12.792,m
2,"(745, 19, 932, 206)",0.975,-7.586,f
2,"(558, 199, 734, 375)",0.952,19.545,m
2,"(312, 162, 497, 346)",0.786,-12.63,f
3,"(62, 105, 275, 318)",0.996,-10.28,f
3,"(950, -6, 1128, 171)",0.988,13.122,m
3,"(745, 19, 932, 206)",0.974,-7.524,f
3,"(559, 199, 734, 375)",0.949,19.877,m
3,"(312, 162, 497, 347)",0.786,-11.89,f
4,"(63, 106, 275, 318)",0.996,-10.684,f
4,"(950, -6, 1129, 172)",0.988,12.398,m
4,"(744, 18, 932, 206)",0.973,-7.178,f
4,"(559, 199, 735, 375)",0.953,19.708,m
4,"(312, 162, 497, 347)",0.782,-12.604,f
5,"(64, 107, 276, 319)",0.995,-10.944,f
5,"(949, -6, 1130, 174)",0.988,11.666,m
5,"(744, 18, 932, 206)",0.977,-7.49,f
5,"(559, 199, 735, 374)",0.954,19.374,m
5,"(311, 162, 497, 347)",0.784,-12.777,f
6,"(65, 107, 277, 319)",0.996,-8.331,f
6,"(950, -6, 1132, 175)",0.99,12.762,m
6,"(745, 17, 932, 205)",0.977,-7.791,f
6,"(559, 198, 735, 374)",0.953,19.383,m
6,"(312, 161, 497, 346)",0.778,-13.621,f
7,"(65, 105, 279, 320)",0.998,-7.516,f
7,"(950, -6, 1131, 174)",0.988,11.892,m
7,"(745, 17, 932, 204)",0.976,-7.451,f
7,"(559, 198, 735, 374)",0.948,18.886,m
7,"(313, 162, 497, 346)",0.768,-13.017,f
8,"(64, 105, 279, 320)",0.997,-8.504,f
8,"(950, -6, 1133, 176)",0.989,11.988,m
8,"(745, 17, 933, 204)",0.98,-7.078,f
8,"(559, 198, 735, 374)",0.928,18.931,m
8,"(314, 162, 498, 346)",0.765,-12.662,f
9,"(65, 106, 279, 320)",0.997,-7.85,f
9,"(951, -6, 1135, 177)",0.991,11.522,m
9,"(745, 17, 933, 205)",0.984,-6.348,f
9,"(560, 198, 736, 373)",0.926,19.097,m
9,"(315, 162, 499, 346)",0.78,-13.413,f
10,"(65, 104, 280, 319)",0.995,-8.899,f
10,"(952, -6, 1135, 176)",0.99,12.392,m
10,"(746, 16, 934, 205)",0.986,-5.525,f
10,"(561, 198, 736, 373)",0.926,18.758,m
10,"(316, 161, 500, 345)",0.785,-12.604,f
11,"(67, 103, 281, 316)",0.996,-7.501,f
11,"(952, -6, 1135, 176)",0.989,11.636,m
11,"(746, 16, 935, 205)",0.986,-5.124,f
11,"(562, 198, 736, 372)",0.932,18.567,m
11,"(316, 160, 501, 345)",0.789,-13.946,f
12,"(66, 101, 283, 318)",0.998,-6.993,f
12,"(746, 16, 935, 205)",0.988,-4.103,f
12,"(952, -7, 1134, 174)",0.988,12.898,m
12,"(562, 198, 737, 372)",0.936,17.485,m
12,"(316, 160, 501, 344)",0.766,-14.058,f
13,"(66, 101, 283, 318)",0.999,-6.849,f
13,"(746, 15, 936, 206)",0.989,-2.865,f
13,"(951, -7, 1134, 175)",0.988,12.247,m
13,"(562, 198, 737, 372)",0.939,17.892,m
13,"(317, 159, 500, 343)",0.754,-14.166,f
14,"(67, 102, 282, 318)",0.999,-9.18,f
14,"(745, 15, 938, 207)",0.989,-4.074,f
14,"(951, -7, 1133, 175)",0.987,11.95,m
14,"(563, 198, 737, 372)",0.934,17.924,m
14,"(316, 159, 500, 343)",0.758,-13.2,f
15,"(67, 101, 283, 317)",0.999,-8.066,f
15,"(745, 15, 939, 209)",0.987,-3.222,f
15,"(950, -7, 1133, 175)",0.987,12.236,m
15,"(562, 198, 736, 372)",0.939,17.856,m
15,"(316, 159, 501, 344)",0.779,-13.1,f
16,"(67, 101, 283, 317)",0.999,-8.695,f
16,"(950, -7, 1133, 175)",0.988,11.518,m
16,"(744, 15, 940, 211)",0.985,-3.46,f
16,"(562, 198, 736, 372)",0.937,18.323,m
16,"(315, 159, 501, 345)",0.799,-13.93,f
17,"(66, 101, 283, 318)",0.999,-8.608,f
17,"(951, -7, 1133, 175)",0.989,11.88,m
17,"(743, 16, 941, 213)",0.983,-3.34,f
17,"(562, 198, 737, 373)",0.941,17.937,m
17,"(316, 159, 501, 344)",0.796,-12.973,f
18,"(65, 101, 283, 319)",0.999,-8.956,f
18,"(951, -7, 1133, 174)",0.992,12.679,m
18,"(743, 16, 940, 214)",0.984,-3.766,f
18,"(562, 198, 737, 374)",0.949,17.687,m
18,"(316, 160, 500, 344)",0.796,-13.212,f
19,"(64, 100, 282, 319)",0.999,-8.214,f
19,"(952, -7, 1134, 174)",0.992,11.358,m
19,"(742, 17, 940, 214)",0.983,-4.222,f
19,"(561, 198, 738, 375)",0.954,16.663,m
19,"(315, 159, 501, 344)",0.794,-13.546,f
20,"(64, 100, 281, 317)",0.998,-6.1,f
20,"(951, -7, 1133, 174)",0.991,12.138,m
20,"(742, 17, 939, 214)",0.982,-5.151,f
20,"(560, 198, 738, 375)",0.952,16.54,m
20,"(315, 159, 501, 344)",0.793,-13.704,f
21,"(64, 100, 282, 318)",0.998,-7.991,f
21,"(951, -6, 1132, 173)",0.99,12.751,m
21,"(742, 17, 939, 214)",0.983,-5.505,f
21,"(561, 198, 738, 375)",0.941,17.177,m
21,"(315, 158, 501, 344)",0.783,-13.851,f
22,"(64, 101, 284, 320)",0.998,-7.715,f
22,"(951, -7, 1132, 173)",0.989,12.936,m
22,"(742, 17, 939, 214)",0.984,-5.578,f
22,"(562, 198, 738, 375)",0.918,17.717,m
22,"(315, 158, 501, 344)",0.776,-13.205,f
23,"(64, 103, 283, 322)",0.997,-8.565,f
23,"(951, -7, 1131, 172)",0.987,12.333,m
23,"(742, 18, 938, 214)",0.984,-6.118,f
23,"(563, 199, 739, 375)",0.907,17.056,m
23,"(315, 158, 501, 344)",0.776,-12.685,f
24,"(64, 104, 283, 322)",0.996,-8.472,f
24,"(742, 18, 937, 213)",0.984,-6.233,f
24,"(952, -6, 1130, 171)",0.983,12.522,m
24,"(563, 198, 740, 375)",0.902,17.393,m
24,"(315, 159, 501, 344)",0.777,-14.108,f
25,"(64, 105, 281, 322)",0.996,-9.155,f
25,"(951, -6, 1131, 172)",0.987,11.567,m
25,"(741, 18, 935, 212)",0.983,-5.526,f
25,"(563, 198, 741, 377)",0.894,16.68,m
25,"(314, 159, 500, 345)",0.8,-14.014,f
26,"(64, 106, 280, 322)",0.997,-9.236,f
26,"(949, -6, 1131, 174)",0.987,11.792,m
26,"(740, 18, 934, 211)",0.98,-6.094,f
26,"(563, 199, 742, 379)",0.903,16.365,m
26,"(314, 160, 499, 344)",0.789,-13.266,f
27,"(63, 106, 279, 323)",0.995,-10.313,f
27,"(948, -7, 1132, 176)",0.991,11.114,m
27,"(740, 18, 934, 212)",0.975,-5.917,f
27,"(562, 200, 743, 381)",0.884,16.391,m
27,"(313, 161, 498, 345)",0.777,-12.833,f
28,"(62, 107, 278, 323)",0.994,-10.146,f
28,"(947, -7, 1130, 174)",0.991,12.051,m
28,"(738, 18, 934, 213)",0.962,-5.204,f
28,"(563, 201, 742, 380)",0.883,16.16,m
28,"(312, 161, 497, 346)",0.771,-13.141,f
29,"(61, 108, 277, 324)",0.995,-10.138,f
29,"(946, -8, 1129, 174)",0.99,12.32,m
29,"(735, 16, 932, 214)",0.96,-4.812,f
29,"(563, 202, 740, 379)",0.892,16.41,m
29,"(311, 161, 497, 347)",0.804,-13.651,f
30,"(60, 107, 277, 324)",0.996,-11.011,f
30,"(944, -9, 1127, 173)",0.988,12.243,m
30,"(733, 17, 932, 215)",0.966,-5.251,f
30,"(563, 203, 739, 379)",0.891,15.734,m
30,"(311, 161, 496, 346)",0.797,-13.43,f
31,"(60, 108, 277, 324)",0.996,-10.122,f
31,"(942, -9, 1125, 173)",0.986,12.01,m
31,"(732, 17, 931, 216)",0.971,-5.753,f
31,"(563, 203, 740, 380)",0.895,15.406,m
31,"(312, 161, 496, 346)",0.792,-15.457,f
32,"(60, 108, 277, 325)",0.996,-10.081,f
32,"(941, -9, 1124, 173)",0.987,12.225,m
32,"(732, 18, 930, 216)",0.971,-5.287,f
32,"(563, 204, 740, 381)",0.894,16.083,m
32,"(312, 161, 496, 346)",0.793,-16.932,f
33,"(61, 108, 277, 324)",0.996,-10.977,f
33,"(941, -9, 1124, 173)",0.987,11.791,m
33,"(732, 18, 930, 216)",0.966,-5.9,f
33,"(564, 205, 740, 381)",0.891,15.451,m
33,"(312, 161, 497, 346)",0.788,-17.164,f
34,"(61, 109, 276, 323)",0.996,-11.385,f
34,"(941, -9, 1123, 173)",0.986,11.488,m
34,"(732, 18, 930, 216)",0.967,-5.815,f
34,"(564, 205, 740, 381)",0.881,15.407,m
34,"(313, 161, 496, 344)",0.758,-15.649,f
35,"(61, 109, 276, 323)",0.997,-11.361,f
35,"(940, -9, 1123, 172)",0.984,11.347,m
35,"(731, 18, 929, 216)",0.963,-6.417,f
35,"(564, 205, 740, 381)",0.86,15.267,m
35,"(313, 161, 496, 344)",0.739,-15.915,f
36,"(61, 109, 275, 322)",0.997,-11.466,f
36,"(939, -9, 1121, 172)",0.978,10.704,m
36,"(731, 19, 927, 215)",0.958,-6.041,f
36,"(564, 204, 740, 380)",0.848,14.833,m
36,"(313, 160, 496, 343)",0.739,-15.561,f
37,"(61, 108, 274, 322)",0.997,-11.249,f
37,"(939, -9, 1122, 173)",0.973,10.788,m
37,"(731, 19, 926, 215)",0.953,-5.607,f
37,"(564, 205, 740, 381)",0.846,15.221,m
37,"(313, 160, 496, 343)",0.73,-15.894,f
38,"(60, 108, 273, 321)",0.997,-12.027,f
38,"(938, -9, 1121, 173)",0.971,11.061,m
38,"(730, 20, 925, 215)",0.952,-5.254,f
38,"(564, 205, 739, 380)",0.824,15.084,m
38,"(313, 161, 496, 343)",0.724,-16.159,f
39,"(59, 109, 271, 321)",0.997,-10.079,f
39,"(937, -9, 1121, 174)",0.975,10.243,m
39,"(730, 20, 925, 215)",0.946,-6.122,f
39,"(564, 206, 738, 379)",0.841,15.184,m
39,"(314, 161, 496, 343)",0.724,-16.605,f
40,"(59, 109, 271, 320)",0.997,-10.356,f
40,"(937, -9, 1121, 174)",0.975,10.753,m
40,"(730, 20, 924, 214)",0.929,-6.25,f
40,"(562, 205, 741, 383)",0.851,15.67,m
40,"(317, 175, 480, 338)",0.707,-16.991,f
41,"(60, 109, 271, 320)",0.997,-10.831,f
41,"(938, -9, 1121, 173)",0.972,10.99,m
41,"(730, 20, 924, 214)",0.921,-6.204,f
41,"(563, 205, 740, 383)",0.858,15.295,m
41,"(318, 175, 481, 338)",0.703,-16.868,f
42,"(60, 109, 271, 321)",0.997,-10.493,f
42,"(938, -9, 1121, 172)",0.97,10.306,m
42,"(730, 20, 924, 214)",0.922,-6.246,f
42,"(563, 206, 739, 382)",0.855,16.292,m
42,"(319, 175, 482, 338)",0.674,-17.179,f
43,"(60, 110, 272, 321)",0.997,-9.744,f
43,"(939, -9, 1120, 171)",0.963,11.247,m
43,"(730, 20, 924, 214)",0.933,-5.709,f
43,"(563, 206, 737, 381)",0.845,17.614,m
43,"(318, 174, 483, 338)",0.682,-17.756,f
44,"(61, 110, 272, 322)",0.998,-10.965,f
44,"(939, -10, 1119, 170)",0.956,11.315,m
44,"(730, 20, 924, 214)",0.942,-6.479,f
44,"(563, 207, 737, 381)",0.838,17.532,m
44,"(319, 174, 484, 339)",0.673,-17.469,f
45,"(62, 110, 273, 321)",0.998,-10.969,f
45,"(939, -9, 1118, 169)",0.939,11.761,m
45,"(730, 21, 923, 214)",0.936,-6.196,f
45,"(562, 207, 739, 384)",0.842,17.054,m
45,"(319, 174, 484, 339)",0.663,-16.234,f
46,"(61, 110, 272, 321)",0.998,-10.892,f
46,"(938, -10, 1118, 170)",0.934,11.772,m
46,"(729, 22, 923, 215)",0.923,-7.134,f
46,"(566, 215, 734, 383)",0.838,17.35,m
46,"(319, 174, 485, 340)",0.657,-17.748,f
47,"(61, 110, 272, 320)",0.998,-9.661,f
47,"(938, -9, 1118, 170)",0.928,11.321,m
47,"(729, 21, 922, 215)",0.909,-6.615,f
47,"(560, 207, 738, 384)",0.834,17.609,m
47,"(317, 175, 485, 343)",0.683,-19.438,f
48,"(60, 109, 271, 320)",0.998,-9.718,f
48,"(938, -9, 1118, 171)",0.92,10.863,m
48,"(728, 21, 922, 215)",0.911,-6.419,f
48,"(560, 206, 738, 384)",0.823,18.124,m
48,"(318, 175, 485, 342)",0.695,-18.904,f
49,"(60, 109, 272, 321)",0.998,-9.393,f
49,"(938, -9, 1118, 170)",0.924,10.863,m
49,"(728, 21, 922, 215)",0.91,-6.731,f
49,"(561, 206, 738, 384)",0.835,17.994,m
49,"(318, 174, 486, 341)",0.666,-19.278,f
50,"(60, 109, 272, 321)",0.997,-9.655,f
50,"(939, -9, 1118, 169)",0.918,9.192,m
50,"(728, 20, 923, 215)",0.91,-7.404,f
50,"(560, 205, 739, 384)",0.833,18.042,m
50,"(318, 169, 489, 339)",0.672,-17.942,f
51,"(60, 109, 272, 321)",0.998,-9.781,f
51,"(941, -9, 1118, 168)",0.905,10.428,m
51,"(728, 20, 922, 215)",0.898,-7.384,f
51,"(561, 205, 738, 382)",0.832,17.115,m
51,"(319, 168, 489, 339)",0.686,-18.731,f
52,"(59, 108, 272, 321)",0.998,-10.001,f
52,"(727, 20, 922, 215)",0.893,-8.309,f
52,"(943, -9, 1118, 166)",0.884,11.223,m
52,"(561, 204, 738, 382)",0.837,17.091,m
52,"(320, 169, 489, 338)",0.712,-19.309,f
53,"(59, 108, 272, 321)",0.998,-10.133,f
53,"(727, 19, 922, 215)",0.882,-8.252,f
53,"(944, -9, 1118, 164)",0.873,9.64,m
53,"(560, 203, 739, 383)",0.873,16.961,m
53,"(320, 168, 489, 337)",0.729,-19.396,f
54,"(59, 108, 271, 320)",0.998,-10.027,f
54,"(726, 19, 922, 215)",0.875,-8.696,f
54,"(945, -8, 1118, 164)",0.873,10.351,m
54,"(559, 202, 739, 382)",0.868,16.214,m
54,"(321, 167, 490, 337)",0.747,-18.819,f
55,"(59, 107, 271, 320)",0.998,-10.482,f
55,"(945, -8, 1118, 163)",0.887,10.466,m
55,"(727, 19, 922, 214)",0.841,-7.129,f
55,"(561, 201, 738, 378)",0.8,16.672,m
55,"(320, 166, 491, 337)",0.723,-19.42,f
56,"(58, 107, 271, 319)",0.998,-10.832,f
56,"(944, -8, 1117, 164)",0.905,9.644,m
56,"(729, 18, 921, 209)",0.835,-8.056,f
56,"(561, 200, 736, 375)",0.762,18.334,m
57,"(58, 106, 271, 320)",0.998,-10.451,f
57,"(943, -8, 1117, 165)",0.92,11.048,m
57,"(732, 16, 922, 206)",0.917,-8.011,f
57,"(562, 198, 738, 374)",0.783,19.808,m
58,"(59, 106, 272, 319)",0.998,-10.224,f
58,"(942, -8, 1121, 170)",0.951,10.031,m
58,"(733, 14, 924, 205)",0.934,-7.217,f
58,"(564, 196, 737, 369)",0.684,17.267,m
59,"(59, 107, 273, 321)",0.998,-9.186,f
59,"(942, -8, 1123, 172)",0.968,9.938,m
59,"(735, 14, 925, 204)",0.942,-7.512,f
59,"(566, 195, 741, 371)",0.702,15.781,m
60,"(59, 108, 273, 322)",0.998,-9.906,f
60,"(944, -7, 1124, 172)",0.974,9.195,m
60,"(735, 14, 924, 203)",0.945,-8.104,f
60,"(564, 196, 741, 373)",0.808,9.707,m
61,"(59, 108, 274, 323)",0.998,-10.259,f
61,"(945, -7, 1126, 173)",0.984,10.305,m
61,"(735, 11, 926, 202)",0.948,-7.141,f
62,"(57, 109, 273, 325)",0.998,-11.388,f
62,"(946, -7, 1129, 175)",0.989,9.99,m
62,"(735, 10, 927, 201)",0.96,-7.285,f
63,"(56, 110, 272, 325)",0.998,-10.863,f
63,"(947, -7, 1129, 175)",0.987,10.321,m
63,"(736, 8, 927, 199)",0.955,-7.246,f
64,"(55, 110, 271, 326)",0.998,-10.54,f
64,"(946, -7, 1128, 174)",0.983,11.079,m
64,"(736, 5, 928, 197)",0.955,-8.034,f
65,"(54, 110, 271, 327)",0.998,-11.015,f
65,"(945, -7, 1127, 174)",0.982,9.684,m
65,"(734, 4, 926, 197)",0.924,-7.974,f
65,"(330, 165, 483, 318)",0.666,-21.723,f
66,"(53, 110, 270, 327)",0.998,-10.62,f
66,"(945, -6, 1126, 174)",0.977,9.842,m
66,"(732, 3, 926, 197)",0.932,-7.66,f
66,"(331, 163, 482, 314)",0.672,-19.407,f
67,"(55, 109, 270, 325)",0.997,-11.446,f
67,"(944, -6, 1125, 173)",0.959,9.817,m
67,"(732, 2, 925, 195)",0.944,-9.094,f
67,"(333, 164, 479, 309)",0.715,-13.119,f
68,"(56, 109, 273, 326)",0.998,-11.952,f
68,"(945, -6, 1125, 172)",0.959,9.352,m
68,"(733, 2, 925, 194)",0.929,-9.071,f
69,"(56, 108, 276, 328)",0.998,-12.559,f
69,"(945, -6, 1124, 172)",0.955,9.458,m
69,"(733, 1, 925, 193)",0.927,-8.295,f
70,"(58, 109, 277, 328)",0.998,-10.317,f
70,"(945, -7, 1123, 170)",0.933,9.307,m
70,"(733, 1, 924, 192)",0.926,-8.112,f
71,"(60, 108, 280, 328)",0.999,-12.342,f
71,"(945, -6, 1124, 172)",0.958,10.127,m
71,"(733, 1, 925, 193)",0.942,-8.224,f
72,"(60, 108, 282, 330)",0.999,-12.636,f
72,"(947, -6, 1125, 171)",0.953,9.68,m
72,"(733, 1, 925, 193)",0.942,-8.772,f
73,"(61, 107, 285, 332)",0.999,-10.907,f
73,"(947, -6, 1126, 172)",0.962,9.294,m
73,"(733, 2, 926, 195)",0.946,-7.896,f
73,"(335, 163, 489, 316)",0.651,-22.001,f
74,"(62, 106, 286, 331)",0.999,-10.459,f
74,"(949, -6, 1124, 168)",0.96,11.292,m
74,"(732, 3, 926, 197)",0.95,-6.688,f
74,"(331, 162, 488, 320)",0.718,-19.232,f
75,"(61, 105, 289, 332)",0.999,-11.519,f
75,"(948, -6, 1126, 171)",0.96,10.849,m
75,"(733, 5, 924, 197)",0.934,-6.988,f
75,"(335, 165, 493, 323)",0.719,-19.11,f
76,"(60, 105, 287, 332)",0.999,-10.801,f
76,"(948, -7, 1126, 170)",0.938,11.006,m
76,"(734, 7, 925, 197)",0.918,-6.411,f
76,"(331, 165, 499, 333)",0.693,-18.104,f
77,"(60, 105, 286, 331)",0.999,-11.241,f
77,"(947, -7, 1122, 167)",0.891,10.961,m
77,"(732, 9, 922, 199)",0.876,-7.469,f
77,"(330, 165, 501, 336)",0.665,-18.377,f
78,"(61, 105, 284, 328)",0.999,-9.743,f
78,"(946, -8, 1119, 165)",0.879,10.915,m
78,"(730, 11, 920, 200)",0.847,-6.754,f
78,"(572, 213, 722, 363)",0.689,17.414,m
78,"(321, 154, 506, 339)",0.684,-17.799,f
79,"(61, 105, 282, 326)",0.999,-10.5,f
79,"(730, 12, 919, 201)",0.844,-5.749,f
79,"(944, -21, 1114, 148)",0.824,12.051,m
79,"(329, 167, 500, 338)",0.718,-19.771,f
79,"(565, 209, 730, 374)",0.712,18.92,m
80,"(60, 104, 281, 325)",0.999,-8.755,f
80,"(557, 205, 732, 380)",0.855,21.242,m
80,"(730, 12, 919, 202)",0.835,-5.216,f
80,"(944, -20, 1112, 147)",0.808,11.462,m
80,"(329, 167, 501, 338)",0.747,-20.714,f
81,"(58, 104, 275, 321)",0.998,-10.284,f
81,"(556, 204, 736, 384)",0.925,22.797,m
81,"(732, 13, 920, 202)",0.827,-6.272,f
81,"(944, -20, 1112, 147)",0.805,11.378,m
81,"(329, 166, 502, 340)",0.71,-20.543,f
82,"(55, 103, 274, 322)",0.997,-9.506,f
82,"(555, 201, 737, 383)",0.946,23.061,m
82,"(945, -20, 1114, 147)",0.84,11.674,m
82,"(735, 14, 921, 201)",0.831,-8.552,f
82,"(329, 166, 502, 338)",0.681,-20.436,f
83,"(54, 103, 272, 321)",0.997,-10.961,f
83,"(554, 198, 739, 383)",0.976,21.27,m
83,"(945, -21, 1114, 147)",0.847,12.174,m
83,"(736, 14, 923, 200)",0.834,-9.737,f
83,"(328, 163, 503, 338)",0.656,-20.777,f
84,"(52, 102, 271, 321)",0.999,-10.642,f
84,"(555, 196, 739, 380)",0.981,19.926,m
84,"(737, 13, 923, 199)",0.841,-9.606,f
84,"(945, -21, 1114, 148)",0.838,11.918,m
84,"(329, 161, 505, 337)",0.687,-20.396,f
85,"(50, 100, 269, 319)",0.999,-9.885,f
85,"(557, 195, 739, 377)",0.982,20.592,m
85,"(737, 13, 923, 199)",0.889,-9.979,f
85,"(944, -21, 1115, 149)",0.837,11.581,m
85,"(327, 159, 505, 337)",0.68,-20.331,f
86,"(47, 99, 266, 318)",0.999,-11.399,f
86,"(557, 194, 740, 377)",0.983,20.263,m
86,"(737, 10, 924, 197)",0.905,-8.995,f
86,"(947, -5, 1119, 166)",0.859,11.92,m
86,"(328, 160, 502, 334)",0.76,-19.494,f
87,"(41, 97, 265, 321)",0.999,-10.122,f
87,"(562, 197, 737, 372)",0.945,20.685,m
87,"(735, 8, 923, 196)",0.919,-7.346,f
87,"(946, -6, 1119, 166)",0.874,12.248,m
87,"(328, 159, 501, 332)",0.781,-18.803,f
88,"(38, 95, 265, 322)",0.999,-10.03,f
88,"(733, 5, 924, 196)",0.924,-7.03,f
88,"(944, -6, 1120, 168)",0.896,10.308,m
88,"(571, 203, 737, 369)",0.751,18.97,m
88,"(328, 159, 496, 327)",0.731,-20.665,f
89,"(39, 98, 262, 321)",0.999,-11.433,f
89,"(944, -7, 1120, 168)",0.915,11.441,m
89,"(733, 4, 922, 193)",0.907,-6.36,f
90,"(37, 99, 262, 323)",0.999,-10.869,f
90,"(944, -7, 1120, 168)",0.925,11.567,m
90,"(734, 2, 923, 191)",0.891,-6.168,f
91,"(36, 100, 260, 324)",0.999,-11.733,f
91,"(945, -7, 1121, 167)",0.929,11.107,m
91,"(735, 0, 922, 187)",0.862,-6.035,f
92,"(36, 100, 260, 324)",0.999,-10.698,f
92,"(946, -7, 1123, 169)",0.903,11.123,m
92,"(734, 0, 920, 185)",0.83,-5.154,f
92,"(335, 146, 492, 302)",0.779,-14.873,f
93,"(37, 100, 259, 322)",0.998,-12.513,f
93,"(947, -9, 1124, 167)",0.865,11.652,m
93,"(734, 0, 918, 184)",0.778,-5.751,f
94,"(41, 103, 256, 318)",0.997,-12.374,f
94,"(946, -10, 1128, 171)",0.861,12.414,m
94,"(732, -1, 917, 182)",0.687,-4.631,f
95,"(46, 106, 253, 313)",0.995,-10.627,f
95,"(949, -20, 1114, 144)",0.781,14.011,m
96,"(48, 107, 252, 311)",0.994,-8.958,f
96,"(950, -19, 1113, 143)",0.76,12.473,m
97,"(52, 107, 251, 307)",0.99,-6.578,f
97,"(950, -19, 1113, 142)",0.809,12.882,m
98,"(53, 108, 251, 305)",0.985,-7.93,f
98,"(952, -18, 1112, 141)",0.779,12.338,m
99,"(53, 107, 254, 308)",0.986,-8.74,f
99,"(953, -18, 1112, 141)",0.787,13.119,m
100,"(53, 105, 257, 309)",0.979,-7.749,f
100,"(953, -17, 1111, 140)",0.791,13.478,m
101,"(48, 103, 258, 313)",0.991,-9.815,f
101,"(954, -17, 1112, 139)",0.781,11.719,m
102,"(45, 101, 266, 321)",0.999,-11.583,f
102,"(953, -6, 1126, 166)",0.817,14.003,m
103,"(45, 99, 270, 324)",0.999,-12.295,f
103,"(952, -6, 1127, 169)",0.804,13.064,m
103,"(728, 1, 914, 187)",0.723,-8.176,f
103,"(311, 127, 482, 298)",0.664,-12.249,f
104,"(47, 100, 270, 323)",0.999,-12.269,f
104,"(950, -8, 1127, 168)",0.879,14.396,m
104,"(726, 2, 916, 193)",0.745,-8.119,f
105,"(50, 101, 272, 322)",0.999,-12.197,f
105,"(727, 5, 916, 195)",0.805,-8.191,f
105,"(949, -9, 1125, 166)",0.799,13.356,m
106,"(50, 100, 271, 322)",0.999,-13.104,f
106,"(948, -11, 1125, 165)",0.816,13.539,m
106,"(314, 139, 481, 307)",0.774,-14.587,f
106,"(727, 10, 915, 198)",0.717,-7.972,f
107,"(50, 101, 270, 322)",0.999,-12.617,f
107,"(582, 214, 737, 368)",0.826,15.218,m
107,"(948, -12, 1123, 162)",0.743,13.544,m
107,"(312, 140, 478, 306)",0.732,-15.502,f
107,"(734, 28, 909, 203)",0.697,-9.331,f
108,"(50, 101, 269, 321)",0.999,-11.641,f
108,"(572, 212, 745, 385)",0.861,19.372,m
108,"(308, 139, 475, 306)",0.734,-16.398,f
108,"(947, -14, 1125, 163)",0.707,12.751,m
109,"(49, 102, 268, 321)",0.999,-13.451,f
109,"(568, 205, 748, 386)",0.915,21.414,m
109,"(306, 138, 477, 309)",0.794,-16.387,f
109,"(947, -12, 1126, 166)",0.694,13.777,m
109,"(739, 29, 915, 205)",0.653,-7.628,f
110,"(50, 103, 268, 321)",0.999,-11.745,f
110,"(567, 203, 748, 384)",0.934,23.196,m
110,"(305, 139, 478, 312)",0.783,-16.096,f
110,"(948, -11, 1124, 164)",0.708,13.043,m
110,"(733, 18, 917, 202)",0.654,-6.189,f
111,"(51, 103, 268, 321)",0.998,-11.641,f
111,"(566, 201, 750, 384)",0.958,21.218,m
111,"(943, -23, 1109, 142)",0.728,12.443,m
111,"(304, 140, 478, 314)",0.708,-16.935,f
111,"(736, 18, 920, 202)",0.708,-5.318,f
112,"(51, 103, 268, 321)",0.998,-11.193,f
112,"(567, 201, 750, 384)",0.958,18.388,m
112,"(944, -10, 1122, 166)",0.787,13.491,m
112,"(306, 142, 479, 314)",0.772,-16.588,f
112,"(739, 18, 921, 201)",0.735,-4.868,f
113,"(51, 103, 269, 321)",0.998,-10.879,f
113,"(567, 200, 750, 383)",0.952,17.43,m
113,"(943, -9, 1121, 168)",0.851,12.395,m
113,"(741, 18, 923, 201)",0.789,-4.541,f
113,"(307, 148, 477, 318)",0.696,-17.882,f
114,"(52, 103, 269, 320)",0.998,-10.233,f
114,"(569, 200, 750, 381)",0.945,18.144,m
114,"(944, -8, 1120, 167)",0.881,12.502,m
114,"(741, 18, 924, 200)",0.851,-4.566,f
114,"(305, 141, 490, 326)",0.67,-16.524,f
115,"(53, 102, 270, 319)",0.999,-10.839,f
115,"(569, 200, 748, 380)",0.924,19.569,m
115,"(946, -6, 1121, 167)",0.91,12.251,m
115,"(740, 16, 924, 200)",0.804,-5.845,f
115,"(305, 141, 491, 326)",0.653,-17.256,f
116,"(52, 101, 270, 319)",0.999,-11.125,f
116,"(947, -6, 1121, 167)",0.919,11.666,m
116,"(573, 203, 743, 373)",0.832,17.329,m
116,"(738, 13, 921, 196)",0.782,-6.291,f
116,"(311, 148, 480, 317)",0.725,-17.406,f
117,"(50, 99, 270, 319)",0.999,-11.187,f
117,"(945, -6, 1121, 169)",0.941,12,m
117,"(736, 8, 923, 195)",0.863,-4.447,f
117,"(314, 147, 483, 316)",0.782,-15.148,f
117,"(579, 203, 743, 367)",0.669,20.357,m
118,"(49, 98, 270, 318)",0.999,-10.952,f
118,"(945, -7, 1121, 168)",0.95,11.967,m
118,"(737, 3, 923, 189)",0.819,-5.361,f
118,"(314, 145, 484, 315)",0.721,-14.53,f
119,"(49, 98, 267, 316)",0.999,-11.122,f
119,"(948, -7, 1122, 167)",0.953,11.105,m
119,"(740, 0, 922, 182)",0.827,-3.408,f
120,"(50, 97, 266, 312)",0.998,-11.245,f
120,"(948, -7, 1125, 169)",0.947,11.796,m
120,"(739, 0, 920, 180)",0.786,-5.001,f
120,"(317, 138, 474, 295)",0.68,-22.278,f
121,"(50, 97, 264, 310)",0.998,-11.173,f
121,"(949, -6, 1125, 169)",0.922,12.435,m
121,"(746, 4, 917, 175)",0.707,-5.321,f
122,"(52, 98, 262, 309)",0.998,-11.09,f
122,"(949, -5, 1125, 169)",0.919,11.688,m
122,"(737, -2, 920, 179)",0.713,-5.01,f
123,"(52, 99, 262, 309)",0.997,-12.03,f
123,"(951, -6, 1125, 167)",0.908,11.242,m
124,"(57, 102, 261, 306)",0.996,-6.751,f
124,"(954, -7, 1127, 165)",0.892,11.833,m
125,"(59, 102, 261, 305)",0.995,-5.337,f
125,"(956, -5, 1130, 168)",0.886,9.924,m
125,"(565, 184, 756, 374)",0.778,5.394,m
126,"(62, 102, 262, 302)",0.995,-5.676,f
126,"(953, -6, 1128, 168)",0.812,10.869,m
127,"(63, 102, 264, 303)",0.997,-6.703,f
127,"(952, -7, 1128, 167)",0.814,10.59,m
128,"(61, 101, 267, 307)",0.997,-5.851,f
128,"(952, -8, 1129, 168)",0.814,10.734,m
129,"(61, 100, 270, 309)",0.998,-6.586,f
129,"(950, -7, 1126, 168)",0.892,11.466,m
129,"(717, -5, 932, 209)",0.666,-2.929,f
130,"(59, 99, 273, 312)",0.999,-9.507,f
130,"(950, -6, 1126, 168)",0.928,11.495,m
130,"(706, -5, 922, 210)",0.675,-6.458,f
131,"(59, 99, 272, 312)",0.999,-12.149,f
131,"(948, -6, 1124, 169)",0.931,10.757,m
132,"(57, 98, 275, 315)",0.999,-10.873,f
132,"(946, -6, 1123, 171)",0.903,10.973,m
133,"(58, 98, 278, 318)",0.999,-10.885,f
133,"(945, -7, 1127, 174)",0.946,10.957,m
133,"(727, 2, 918, 193)",0.736,-7.685,f
134,"(59, 99, 281, 321)",1,-11.081,f
134,"(944, -7, 1125, 173)",0.956,11.186,m
134,"(726, 4, 917, 194)",0.795,-6.943,f
134,"(322, 142, 487, 308)",0.732,-19.093,f
135,"(61, 102, 280, 321)",0.999,-9.684,f
135,"(946, -8, 1123, 169)",0.941,13.993,m
135,"(725, 6, 915, 196)",0.768,-7.55,f
135,"(320, 141, 491, 313)",0.692,-19.958,f
136,"(63, 105, 279, 321)",0.999,-10.385,f
136,"(943, -8, 1123, 170)",0.956,12.912,m
136,"(725, 8, 917, 200)",0.713,-7.246,f
136,"(582, 211, 747, 376)",0.706,19.549,m
136,"(320, 143, 492, 315)",0.676,-21.101,f
137,"(62, 105, 279, 323)",0.999,-10.149,f
137,"(942, -8, 1121, 170)",0.967,14.634,m
137,"(572, 207, 751, 385)",0.923,19.881,m
137,"(727, 12, 918, 204)",0.764,-8.418,f
138,"(61, 106, 279, 324)",0.999,-10.245,f
138,"(941, -9, 1122, 172)",0.968,12.862,m
138,"(570, 206, 750, 386)",0.936,16.05,m
138,"(728, 14, 918, 204)",0.736,-8.12,f
139,"(61, 105, 278, 323)",0.999,-9.357,f
139,"(942, -8, 1122, 171)",0.972,13.376,m
139,"(568, 204, 749, 385)",0.937,16.171,m
139,"(729, 15, 918, 204)",0.684,-8.023,f
140,"(59, 105, 276, 322)",0.999,-9.918,f
140,"(941, -8, 1121, 171)",0.971,12.247,m
140,"(567, 204, 747, 384)",0.94,17.757,m
140,"(729, 15, 918, 204)",0.669,-6.832,f
141,"(57, 104, 273, 321)",0.998,-10.213,f
141,"(940, -8, 1120, 172)",0.968,10.968,m
141,"(567, 203, 747, 383)",0.919,16.687,m
141,"(728, 15, 917, 204)",0.653,-6.966,f
142,"(56, 102, 275, 321)",0.999,-10.236,f
142,"(939, -8, 1121, 172)",0.967,12.144,m
142,"(568, 202, 746, 380)",0.894,17.14,m
142,"(322, 146, 490, 314)",0.696,-19.687,f
142,"(727, 15, 917, 204)",0.673,-6.618,f
143,"(54, 100, 275, 321)",0.999,-9.642,f
143,"(940, -9, 1121, 172)",0.966,11.537,m
143,"(569, 200, 747, 378)",0.863,16.309,m
143,"(726, 14, 917, 204)",0.743,-5.608,f
143,"(324, 143, 489, 308)",0.719,-20.027,f
144,"(54, 100, 273, 320)",0.999,-11.396,f
144,"(940, -9, 1121, 171)",0.945,12.132,m
144,"(576, 207, 741, 373)",0.78,10.062,m
144,"(724, 11, 916, 203)",0.754,-5.011,f
144,"(326, 143, 486, 303)",0.669,-19.117,f
145,"(52, 99, 272, 319)",0.999,-11.524,f
145,"(940, -8, 1122, 173)",0.926,11.565,m
145,"(724, 8, 914, 198)",0.713,-5.105,f
145,"(322, 139, 488, 304)",0.676,-18.391,f
146,"(50, 98, 270, 318)",1,-9.876,f
146,"(943, -7, 1121, 170)",0.867,12.196,m
146,"(725, 5, 913, 193)",0.738,-4.581,f
147,"(48, 98, 268, 317)",0.999,-11.249,f
147,"(944, -7, 1121, 169)",0.878,10.16,m
147,"(726, 2, 914, 190)",0.769,-6.649,f
148,"(49, 99, 263, 313)",0.999,-7.661,f
148,"(944, -8, 1121, 168)",0.77,9.892,m
148,"(728, 1, 912, 185)",0.744,-5.887,f
149,"(52, 100, 261, 309)",0.997,-8.753,f
149,"(559, 190, 737, 367)",0.804,3.552,m
149,"(942, -21, 1111, 147)",0.779,11.388,m
150,"(56, 104, 258, 306)",0.988,-6.446,f
150,"(571, 199, 731, 359)",0.832,15.446,m
150,"(942, -21, 1110, 146)",0.72,9.391,m
150,"(717, -7, 906, 181)",0.673,3.893,m
151,"(574, 204, 734, 363)",0.865,12.488,m
151,"(62, 105, 251, 295)",0.852,-6.032,f
151,"(743, 7, 875, 139)",0.834,-7.156,f
151,"(939, -22, 1106, 144)",0.705,9.668,m
152,"(575, 204, 734, 363)",0.888,11.852,m
152,"(936, -26, 1107, 144)",0.76,6.04,m
152,"(63, 100, 242, 279)",0.659,-2.584,f
153,"(576, 204, 736, 364)",0.899,9.865,m
153,"(934, -31, 1112, 146)",0.689,7.171,m
154,"(576, 203, 737, 364)",0.887,10.617,m
154,"(936, -34, 1113, 142)",0.798,5.551,m
155,"(576, 203, 737, 365)",0.888,10.103,m
156,"(576, 205, 737, 366)",0.903,10.904,m
157,"(577, 206, 737, 367)",0.929,9.531,m
157,"(910, -31, 1128, 187)",0.652,2.086,m
158,"(578, 206, 741, 368)",0.932,10.029,m
158,"(929, -42, 1110, 137)",0.794,3.65,m
159,"(570, 196, 744, 369)",0.871,11.383,m
159,"(935, -32, 1104, 136)",0.831,2.5,m
159,"(66, 101, 243, 278)",0.803,-10.525,f
160,"(62, 108, 244, 290)",0.931,-10.07,f
160,"(569, 196, 744, 371)",0.844,12.933,m
161,"(51, 107, 251, 306)",0.995,-6.368,f
161,"(570, 199, 745, 374)",0.733,11.136,m
161,"(930, -29, 1104, 144)",0.662,6.593,m
162,"(46, 107, 254, 314)",0.997,-7.428,f
162,"(556, 162, 765, 371)",0.799,-5.241,f
162,"(922, -24, 1107, 159)",0.777,6.494,m
162,"(731, 20, 869, 158)",0.708,-0.745,f
163,"(41, 106, 253, 317)",0.996,-12.098,f
163,"(691, 1, 918, 228)",0.891,-1.974,f
163,"(919, -22, 1106, 164)",0.739,6.192,m
164,"(38, 104, 255, 320)",0.997,-10.363,f
164,"(916, -25, 1108, 166)",0.708,5.294,m
164,"(719, 13, 906, 201)",0.655,-1.007,f
165,"(39, 105, 255, 321)",0.998,-12.435,f
165,"(716, 15, 905, 204)",0.889,-5.623,f
165,"(324, 145, 483, 304)",0.684,-20.155,f
166,"(39, 107, 255, 322)",0.998,-10.533,f
166,"(717, 14, 907, 205)",0.846,-5.131,f
166,"(319, 143, 493, 316)",0.674,-18.392,f
167,"(38, 107, 254, 323)",0.998,-10.717,f
167,"(717, 14, 908, 205)",0.829,-3.317,f
167,"(319, 146, 490, 317)",0.745,-15.59,f
167,"(579, 202, 736, 359)",0.697,11.116,m
168,"(39, 107, 254, 323)",0.998,-10.564,f
168,"(567, 197, 738, 368)",0.86,14.357,m
168,"(322, 149, 488, 315)",0.771,-19.228,f
168,"(718, 14, 909, 205)",0.769,-3.35,f
169,"(39, 108, 254, 322)",0.998,-10.218,f
169,"(560, 194, 741, 375)",0.977,12.2,m
169,"(324, 152, 487, 315)",0.749,-19.737,f
169,"(719, 15, 910, 206)",0.695,-2.473,f
170,"(40, 108, 253, 321)",0.997,-9.502,f
170,"(558, 193, 739, 375)",0.975,10.721,m
171,"(40, 108, 253, 321)",0.996,-9.71,f
171,"(559, 195, 737, 373)",0.956,12.225,m
172,"(40, 108, 252, 320)",0.995,-10.174,f
172,"(558, 196, 737, 376)",0.916,11.786,m
173,"(39, 107, 252, 320)",0.992,-8.459,f
173,"(568, 204, 730, 366)",0.798,14.347,m
174,"(37, 106, 252, 321)",0.992,-9.426,f
174,"(570, 204, 729, 363)",0.752,16.549,m
175,"(37, 106, 252, 321)",0.987,-9.06,f
176,"(36, 104, 253, 321)",0.988,-10.347,f
177,"(34, 103, 253, 322)",0.991,-9.583,f
178,"(34, 104, 251, 321)",0.991,-9.212,f
178,"(758, -2, 912, 151)",0.871,-9.116,f
178,"(553, 183, 742, 372)",0.672,0.004,m
179,"(39, 104, 251, 316)",0.99,-8.559,f
179,"(762, -5, 907, 139)",0.895,-9.886,f
179,"(556, 193, 733, 370)",0.783,9.187,m
180,"(43, 104, 245, 307)",0.979,-8.372,f
180,"(570, 203, 727, 360)",0.886,17.621,m
180,"(776, -5, 903, 121)",0.882,-4.918,f
181,"(556, 190, 733, 366)",0.943,15.368,m
182,"(555, 189, 731, 365)",0.935,13.532,m
183,"(556, 189, 730, 363)",0.904,13.176,m
184,"(557, 187, 731, 360)",0.828,12.919,m
185,"(559, 187, 732, 359)",0.8,12.247,m
186,"(562, 188, 733, 359)",0.832,11.325,m
187,"(562, 187, 735, 360)",0.809,10.953,m
188,"(563, 187, 735, 359)",0.808,9.56,m
189,"(563, 185, 735, 357)",0.847,7.966,m
190,"(566, 184, 735, 354)",0.742,7.781,m
190,"(50, 88, 230, 269)",0.723,-8.087,f
191,"(58, 97, 237, 276)",0.894,-12.016,f
191,"(579, 189, 735, 346)",0.754,7.999,m
192,"(46, 100, 239, 293)",0.968,-8.953,f
192,"(781, -9, 906, 115)",0.936,-5.219,f
192,"(575, 190, 733, 348)",0.751,9.806,m
193,"(35, 97, 249, 311)",0.994,-12.853,f
193,"(779, -5, 903, 119)",0.947,-5.145,f
193,"(555, 169, 735, 349)",0.767,1.679,m
194,"(34, 96, 243, 306)",0.969,-12.303,f
194,"(768, -8, 907, 130)",0.899,-5.825,f
195,"(31, 95, 246, 309)",0.977,-11.487,f
195,"(761, -10, 907, 134)",0.935,-5.717,f
196,"(31, 96, 244, 310)",0.977,-12.297,f
196,"(766, -3, 905, 136)",0.955,-5.331,f
197,"(30, 97, 245, 312)",0.982,-11.697,f
197,"(766, 1, 900, 135)",0.911,-5.564,f
198,"(30, 97, 245, 312)",0.982,-10.828,f
198,"(767, -1, 897, 128)",0.849,3.37,m
199,"(25, 92, 244, 311)",0.965,-10.889,f
199,"(571, 180, 742, 352)",0.683,1.16,m
200,"(25, 92, 240, 307)",0.968,-10.209,f
200,"(574, 187, 741, 354)",0.816,6.317,m
201,"(25, 92, 238, 306)",0.968,-9.819,f
201,"(753, 1, 906, 154)",0.839,-9.147,f
201,"(576, 191, 740, 355)",0.768,5.1,m
202,"(20, 94, 233, 307)",0.979,-11.511,f
202,"(756, 5, 906, 155)",0.898,-11.745,f
202,"(579, 190, 740, 352)",0.745,6.176,m
203,"(18, 92, 230, 305)",0.994,-12.69,f
203,"(754, 4, 910, 159)",0.888,-12.17,f
203,"(577, 191, 736, 350)",0.847,4.961,m
204,"(15, 95, 229, 308)",0.997,-9.964,f
204,"(579, 192, 736, 349)",0.945,5.25,m
204,"(752, 1, 911, 161)",0.924,-12.342,f
205,"(15, 98, 229, 311)",0.999,-12.02,f
205,"(754, 0, 913, 158)",0.968,-11.238,f
206,"(12, 102, 228, 317)",0.999,-13.937,f
206,"(755, -2, 912, 154)",0.949,-10.414,f
206,"(552, 168, 735, 351)",0.673,3.167,m
207,"(582, 195, 735, 349)",0.969,9.687,m
207,"(22, 105, 208, 291)",0.962,-11.836,f
207,"(757, -4, 912, 150)",0.915,-11.108,f
208,"(579, 194, 730, 346)",0.982,6.002,m
208,"(762, -5, 906, 137)",0.856,-8.782,f
209,"(578, 195, 726, 344)",0.97,6.701,m
210,"(582, 198, 723, 340)",0.982,5.593,m
211,"(581, 198, 724, 341)",0.978,4.789,m
212,"(581, 199, 724, 342)",0.98,5.556,m
212,"(-17, 73, 230, 321)",0.941,-4.406,f
213,"(-2, 101, 215, 319)",0.987,-6.508,f
213,"(582, 199, 722, 339)",0.97,7.518,m
214,"(5, 115, 209, 319)",0.996,-8.989,f
214,"(584, 205, 720, 341)",0.977,5.534,m
214,"(763, -9, 906, 133)",0.936,-3.938,f
215,"(4, 117, 207, 320)",0.986,-9.423,f
215,"(583, 206, 720, 343)",0.972,5.675,m
215,"(766, -8, 909, 134)",0.952,2.036,m
216,"(-14, 103, 204, 322)",1,-5.955,f
216,"(581, 207, 720, 345)",0.938,4.685,m
216,"(767, -9, 915, 138)",0.924,-4.264,f
217,"(-19, 108, 197, 324)",0.999,-9.121,f
217,"(580, 206, 722, 348)",0.949,3.799,m
217,"(768, -6, 915, 141)",0.92,-3.319,f
218,"(-27, 104, 196, 328)",0.999,-9.041,f
218,"(296, 76, 442, 221)",0.941,-13.735,f
218,"(580, 209, 720, 350)",0.909,4.781,m
218,"(769, -2, 913, 142)",0.906,-5.222,f
219,"(-28, 112, 193, 334)",0.998,-11.917,f
219,"(768, 5, 910, 147)",0.969,-5.393,f
219,"(288, 76, 439, 227)",0.967,-22.906,f
219,"(575, 209, 720, 354)",0.817,7.36,m
220,"(-28, 119, 190, 339)",0.989,-10.656,f
220,"(284, 74, 441, 232)",0.958,-12.951,f
220,"(764, 7, 915, 158)",0.942,-8.313,f
220,"(575, 209, 719, 353)",0.674,4.715,m
221,"(-34, 125, 187, 347)",0.983,-9.397,f
221,"(275, 71, 439, 236)",0.982,-15.485,f
221,"(767, 13, 915, 160)",0.958,-6.548,f
221,"(574, 209, 722, 357)",0.68,3.171,m
222,"(767, 22, 911, 166)",0.982,-9.259,f
222,"(-40, 130, 186, 356)",0.968,-10.42,f
222,"(269, 71, 438, 240)",0.962,-16.529,f
222,"(569, 211, 725, 367)",0.723,5.138,m
223,"(764, 26, 915, 177)",0.965,-9.462,f
223,"(-43, 137, 182, 364)",0.951,-10.686,f
223,"(570, 214, 722, 366)",0.885,4.13,m
223,"(268, 73, 433, 238)",0.874,-16.863,f
224,"(768, 33, 913, 178)",0.979,-7.981,f
224,"(569, 217, 718, 366)",0.906,3.922,m
224,"(-42, 149, 180, 372)",0.896,-10.911,f
224,"(264, 74, 429, 239)",0.775,-16.681,f
225,"(766, 41, 911, 186)",0.989,-8.975,f
225,"(569, 216, 721, 368)",0.884,10.611,m
225,"(-48, 151, 178, 377)",0.756,-12.758,f
225,"(264, 78, 423, 236)",0.718,-18.992,f
226,"(763, 45, 916, 197)",0.974,-11.282,f
226,"(-47, 165, 171, 385)",0.849,-10.712,f
226,"(566, 215, 734, 384)",0.748,14.006,m
226,"(259, 81, 417, 239)",0.688,-20.021,f
227,"(769, 50, 915, 197)",0.977,-8.437,f
227,"(257, 82, 411, 237)",0.898,-20.23,f
227,"(567, 220, 724, 376)",0.827,12.753,m
228,"(765, 54, 918, 206)",0.963,-9.279,f
228,"(253, 86, 411, 244)",0.959,-18.413,f
228,"(569, 222, 723, 376)",0.832,13.38,m
228,"(-62, 166, 167, 397)",0.738,-10.657,f
229,"(769, 64, 914, 209)",0.993,-7.575,f
229,"(251, 88, 411, 248)",0.965,-18.004,f
229,"(566, 223, 728, 385)",0.898,15.282,m
229,"(-67, 169, 168, 405)",0.77,-8.853,f
230,"(772, 70, 914, 212)",0.983,-7.632,f
230,"(251, 90, 410, 249)",0.976,-18.485,f
230,"(566, 226, 731, 391)",0.956,13.897,m
231,"(777, 76, 916, 214)",0.981,-6.399,f
231,"(249, 91, 413, 255)",0.96,-19.226,f
231,"(572, 228, 732, 389)",0.953,15.366,m
232,"(779, 82, 919, 222)",0.98,-6.622,f
232,"(250, 95, 410, 255)",0.945,-19.971,f
232,"(567, 232, 727, 392)",0.938,12.977,m
233,"(252, 98, 411, 257)",0.944,-19.237,f
233,"(567, 231, 730, 393)",0.941,12.513,m
233,"(782, 86, 922, 227)",0.883,-6.658,f
234,"(787, 91, 925, 229)",0.958,-7.846,f
234,"(255, 101, 408, 254)",0.929,-18.709,f
234,"(571, 232, 732, 393)",0.913,13.555,m
235,"(788, 92, 927, 231)",0.978,-7.671,f
235,"(257, 101, 411, 255)",0.891,-18.192,f
235,"(572, 231, 735, 394)",0.885,15.412,m
236,"(788, 90, 931, 233)",0.985,-7.161,f
236,"(573, 229, 737, 393)",0.907,15.025,m
236,"(258, 101, 411, 254)",0.878,-18.417,f
237,"(789, 88, 932, 231)",0.985,-7.126,f
237,"(573, 227, 738, 392)",0.949,15.236,m
237,"(256, 99, 412, 255)",0.875,-18.495,f
238,"(789, 88, 929, 227)",0.982,-8.148,f
238,"(573, 223, 738, 388)",0.973,14.725,m
238,"(252, 96, 413, 257)",0.924,-18.485,f
239,"(790, 87, 926, 223)",0.966,-6.794,f
239,"(251, 95, 410, 254)",0.932,-18.265,f
239,"(572, 222, 743, 392)",0.908,15.65,m
240,"(789, 83, 928, 222)",0.985,-7.377,f
240,"(250, 93, 411, 254)",0.954,-17.786,f
240,"(575, 220, 740, 385)",0.764,15.764,m
241,"(789, 81, 929, 222)",0.988,-8.609,f
241,"(248, 91, 412, 256)",0.946,-16.968,f
241,"(577, 218, 741, 383)",0.777,15.329,m
242,"(789, 83, 929, 223)",0.981,-8.393,f
242,"(249, 95, 409, 255)",0.955,-18.746,f
242,"(577, 219, 741, 384)",0.774,13.199,m
243,"(792, 86, 928, 222)",0.981,-8.204,f
243,"(250, 99, 408, 257)",0.967,-16.986,f
243,"(578, 224, 746, 391)",0.899,18.721,m
244,"(793, 87, 929, 224)",0.989,-7.358,f
244,"(249, 102, 408, 262)",0.979,-16.497,f
244,"(578, 226, 746, 395)",0.859,15.294,m
245,"(794, 91, 929, 225)",0.992,-6.3,f
245,"(250, 108, 405, 263)",0.989,-15.03,f
245,"(571, 226, 745, 400)",0.837,14.302,m
246,"(796, 93, 928, 224)",0.993,-4.88,f
246,"(249, 110, 406, 267)",0.989,-15.865,f
246,"(572, 228, 743, 399)",0.746,15.173,m
247,"(799, 94, 931, 226)",0.996,-6.262,f
247,"(249, 110, 407, 268)",0.985,-16.973,f
247,"(579, 228, 739, 389)",0.87,17.704,m
248,"(800, 93, 934, 227)",0.997,-7.831,f
248,"(251, 111, 406, 266)",0.987,-16.094,f
248,"(583, 229, 741, 387)",0.933,9.156,m
249,"(804, 93, 937, 226)",0.998,-7.75,f
249,"(252, 110, 406, 264)",0.987,-16.748,f
249,"(582, 225, 747, 390)",0.875,11.136,m
250,"(807, 92, 938, 223)",0.998,-7.857,f
250,"(253, 109, 405, 261)",0.983,-15.989,f
250,"(582, 222, 753, 392)",0.729,10.685,m
251,"(809, 92, 940, 224)",0.998,-10.637,f
251,"(255, 109, 405, 259)",0.982,-15.529,f
251,"(587, 224, 755, 391)",0.78,12.147,m
252,"(814, 93, 940, 220)",0.998,-11.994,f
252,"(255, 108, 405, 259)",0.977,-15.841,f
252,"(588, 224, 755, 391)",0.765,14.317,m
253,"(815, 91, 944, 220)",0.995,-12.383,f
253,"(255, 109, 406, 260)",0.979,-16.619,f
253,"(591, 223, 759, 391)",0.749,16.294,m
254,"(819, 92, 946, 218)",0.987,-13.351,f
254,"(255, 111, 406, 262)",0.979,-18.465,f
254,"(593, 221, 764, 392)",0.68,15.597,m
255,"(821, 92, 948, 219)",0.975,-12.673,f
255,"(254, 111, 407, 264)",0.968,-19.003,f
255,"(597, 227, 763, 393)",0.796,14.94,m
256,"(253, 112, 408, 266)",0.967,-20.091,f
256,"(822, 92, 947, 217)",0.966,-13.748,f
256,"(600, 230, 761, 391)",0.811,11.376,m
257,"(254, 113, 406, 265)",0.978,-20.077,f
257,"(822, 89, 947, 214)",0.968,-11.697,f
257,"(602, 233, 761, 391)",0.874,10.683,m
258,"(255, 114, 404, 263)",0.985,-17.915,f
258,"(820, 86, 949, 214)",0.965,-12.034,f
258,"(602, 234, 758, 391)",0.863,10.826,m
259,"(255, 112, 403, 260)",0.987,-18.489,f
259,"(822, 83, 949, 210)",0.978,-12.409,f
259,"(600, 233, 756, 389)",0.838,9.495,m
260,"(254, 110, 403, 259)",0.991,-17.738,f
260,"(821, 79, 951, 208)",0.974,-13.722,f
260,"(599, 233, 754, 388)",0.809,6.838,m
261,"(253, 108, 402, 257)",0.993,-16.429,f
261,"(824, 76, 952, 203)",0.94,-14.747,f
261,"(597, 227, 757, 387)",0.84,8.72,m
262,"(253, 105, 402, 254)",0.995,-16.978,f
262,"(827, 72, 952, 197)",0.941,-12.738,f
262,"(598, 225, 755, 383)",0.824,7.112,m
263,"(251, 101, 403, 253)",0.99,-16.424,f
263,"(828, 67, 954, 193)",0.975,-11.574,f
263,"(593, 226, 751, 384)",0.815,3.694,m
264,"(832, 64, 956, 189)",0.995,-12.05,f
264,"(250, 98, 404, 251)",0.985,-15.432,f
264,"(594, 229, 747, 381)",0.799,4.891,m
265,"(834, 61, 959, 186)",0.997,-9.488,f
265,"(252, 99, 402, 250)",0.982,-16.215,f
265,"(595, 229, 744, 378)",0.802,6.909,m
266,"(834, 57, 964, 187)",0.997,-9.886,f
266,"(254, 100, 403, 250)",0.989,-16.22,f
266,"(594, 227, 748, 381)",0.738,6.471,m
267,"(838, 58, 968, 188)",0.998,-10.042,f
267,"(254, 101, 404, 252)",0.99,-16.793,f
267,"(603, 228, 755, 380)",0.689,5.557,m
268,"(840, 56, 971, 187)",0.996,-9.517,f
268,"(256, 104, 404, 252)",0.992,-16.883,f
268,"(603, 229, 755, 381)",0.758,6.518,m
269,"(847, 59, 971, 184)",0.997,-8.431,f
269,"(258, 106, 402, 250)",0.992,-18.536,f
269,"(602, 230, 756, 383)",0.803,6.019,m
270,"(850, 61, 974, 184)",0.996,-8.581,f
270,"(260, 109, 401, 250)",0.993,-17.528,f
270,"(600, 231, 755, 386)",0.806,5.816,m
271,"(852, 60, 978, 186)",0.995,-8.136,f
271,"(260, 109, 402, 251)",0.992,-16.769,f
271,"(600, 235, 752, 387)",0.827,3.922,m
272,"(260, 111, 403, 253)",0.99,-17.209,f
272,"(856, 61, 982, 187)",0.981,-10.223,f
272,"(598, 235, 751, 387)",0.83,4.586,m
273,"(261, 112, 404, 255)",0.991,-18.037,f
273,"(858, 59, 988, 190)",0.948,-9.697,f
273,"(596, 234, 750, 388)",0.815,4.822,m
274,"(262, 113, 404, 255)",0.993,-19.258,f
274,"(861, 60, 988, 187)",0.971,-8.756,f
274,"(595, 235, 749, 389)",0.79,3.099,m
275,"(263, 115, 404, 256)",0.991,-16.604,f
275,"(863, 60, 989, 186)",0.986,-7.784,f
275,"(594, 235, 749, 390)",0.817,4.469,m
276,"(864, 59, 994, 190)",0.992,-10.254,f
276,"(267, 116, 408, 257)",0.978,-17.068,f
276,"(592, 234, 751, 393)",0.746,6.229,m
277,"(865, 60, 997, 191)",0.996,-10.178,f
277,"(266, 116, 413, 263)",0.955,-14.244,f
277,"(592, 234, 751, 393)",0.727,7.729,m
278,"(867, 60, 1001, 194)",0.997,-9.605,f
278,"(269, 120, 413, 264)",0.904,-15.009,f
278,"(590, 236, 749, 395)",0.791,7.206,m
279,"(870, 61, 1005, 196)",0.997,-10.91,f
279,"(272, 122, 415, 265)",0.957,-16.202,f
279,"(591, 238, 747, 394)",0.884,9.032,m
280,"(871, 62, 1006, 197)",0.997,-10.382,f
280,"(275, 124, 419, 267)",0.976,-16.938,f
280,"(589, 238, 748, 397)",0.885,8.521,m
281,"(871, 67, 1004, 200)",0.996,-11.064,f
281,"(279, 127, 420, 269)",0.99,-14.714,f
281,"(589, 239, 747, 397)",0.922,10.99,m
281,"(-23, 224, 113, 360)",0.653,-3.846,f
282,"(284, 129, 423, 269)",0.996,-15.13,f
282,"(873, 69, 1005, 200)",0.996,-10.403,f
282,"(588, 239, 750, 402)",0.919,10.114,m
283,"(870, 69, 1005, 204)",0.997,-9.945,f
283,"(284, 130, 426, 271)",0.997,-16.556,f
283,"(589, 241, 752, 404)",0.9,9.848,m
284,"(871, 71, 1004, 204)",0.998,-8.665,f
284,"(288, 131, 430, 273)",0.997,-15.138,f
284,"(593, 242, 754, 403)",0.875,13.041,m
285,"(868, 71, 1004, 207)",0.998,-6.726,f
285,"(289, 128, 434, 273)",0.992,-9.924,f
285,"(593, 242, 755, 405)",0.833,12.591,m
286,"(867, 72, 1003, 208)",0.997,-8.066,f
286,"(591, 242, 756, 407)",0.814,13.23,m
286,"(292, 137, 428, 272)",0.673,-8.027,f
287,"(864, 72, 1001, 210)",0.996,-7.419,f
287,"(303, 134, 434, 265)",0.947,-7.52,f
287,"(592, 242, 758, 408)",0.735,13.932,m
288,"(862, 73, 1001, 212)",0.995,-8.997,f
288,"(304, 135, 438, 269)",0.973,-14.339,f
288,"(596, 247, 757, 408)",0.77,12.105,m
289,"(862, 75, 1000, 214)",0.993,-7.426,f
289,"(306, 134, 443, 271)",0.921,-13.982,f
289,"(595, 248, 758, 410)",0.758,12.465,m
290,"(863, 78, 999, 213)",0.994,-6.632,f
290,"(309, 134, 447, 272)",0.979,-13.867,f
290,"(601, 252, 759, 410)",0.844,13.379,m
291,"(863, 79, 1000, 215)",0.994,-7.463,f
291,"(315, 139, 448, 272)",0.991,-14.331,f
291,"(603, 255, 758, 410)",0.865,13.445,m
292,"(319, 142, 451, 274)",0.996,-14.493,f
292,"(864, 80, 1001, 217)",0.995,-7.548,f
292,"(603, 255, 760, 412)",0.836,13.877,m
292,"(-23, 174, 172, 371)",0.79,-10.654,f
293,"(321, 141, 454, 274)",0.996,-15.169,f
293,"(864, 81, 1001, 218)",0.995,-8.965,f
293,"(602, 254, 761, 413)",0.787,12.836,m
293,"(-21, 173, 174, 370)",0.779,-11.608,f
294,"(324, 143, 456, 275)",0.995,-15.971,f
294,"(866, 83, 1002, 219)",0.994,-10.392,f
294,"(-21, 165, 178, 365)",0.902,-9.997,f
294,"(602, 254, 760, 413)",0.776,12.766,m
295,"(327, 145, 457, 274)",0.997,-15.233,f
295,"(867, 85, 1000, 218)",0.995,-9.605,f
295,"(-19, 162, 181, 362)",0.976,-10.99,f
295,"(599, 254, 760, 415)",0.726,12.966,m
296,"(329, 146, 459, 277)",0.997,-16.889,f
296,"(866, 85, 1000, 219)",0.995,-9.522,f
296,"(-16, 159, 182, 359)",0.984,-11.738,f
296,"(599, 253, 758, 412)",0.797,13.583,m
297,"(326, 144, 464, 281)",0.996,-16.083,f
297,"(-16, 156, 184, 357)",0.996,-11.984,f
297,"(866, 84, 1000, 219)",0.995,-10.193,f
297,"(597, 253, 757, 412)",0.778,11.993,m
298,"(-16, 152, 194, 363)",0.996,-11.837,f
298,"(866, 84, 1000, 219)",0.995,-9.732,f
298,"(329, 144, 468, 283)",0.993,-17.174,f
298,"(598, 254, 760, 416)",0.742,11.838,m
299,"(-15, 149, 195, 360)",0.998,-14.163,f
299,"(868, 86, 999, 218)",0.995,-9.912,f
299,"(331, 147, 468, 284)",0.983,-16.698,f
299,"(596, 255, 757, 416)",0.842,11.086,m
300,"(-15, 146, 203, 365)",0.998,-11.81,f
300,"(872, 90, 996, 215)",0.996,-9.389,f
300,"(332, 150, 466, 284)",0.975,-17.132,f
300,"(594, 253, 764, 424)",0.797,14.549,m
301,"(-5, 144, 209, 359)",1,-12.447,f
301,"(870, 92, 996, 218)",0.997,-8.115,f
301,"(335, 156, 469, 290)",0.976,-16.285,f
301,"(594, 257, 765, 428)",0.763,14.45,m
302,"(-5, 139, 215, 360)",1,-10.684,f
302,"(871, 94, 996, 218)",0.997,-8.797,f
302,"(340, 160, 471, 290)",0.946,-16.423,f
302,"(597, 261, 765, 429)",0.81,13.813,m
303,"(-3, 137, 217, 359)",1,-8.132,f
303,"(872, 95, 997, 220)",0.998,-7.579,f
303,"(341, 160, 472, 292)",0.905,-16.437,f
303,"(599, 264, 766, 431)",0.765,12.904,m
304,"(2, 138, 225, 361)",1,-9.721,f
304,"(871, 96, 996, 221)",0.998,-6.839,f
304,"(339, 155, 477, 293)",0.911,-17.585,f
304,"(599, 264, 765, 431)",0.789,13.383,m
305,"(7, 139, 231, 363)",1,-10.721,f
305,"(870, 95, 998, 224)",0.998,-6.025,f
305,"(340, 155, 478, 294)",0.882,-16.855,f
305,"(598, 265, 764, 431)",0.776,14.475,m
306,"(7, 136, 238, 367)",0.999,-11.05,f
306,"(869, 95, 999, 225)",0.998,-6.038,f
306,"(341, 156, 478, 293)",0.869,-17.314,f
306,"(599, 265, 763, 430)",0.8,14.591,m
307,"(867, 94, 1001, 228)",0.998,-7.622,f
307,"(15, 136, 247, 368)",0.998,-10.484,f
307,"(341, 156, 478, 292)",0.867,-17.721,f
307,"(599, 265, 764, 430)",0.822,14.143,m
308,"(868, 96, 1002, 230)",0.999,-7.191,f
308,"(17, 134, 254, 371)",0.995,-10.465,f
308,"(341, 156, 478, 292)",0.879,-18.069,f
308,"(599, 264, 765, 430)",0.821,14.202,m
309,"(868, 95, 1003, 231)",0.999,-7.608,f
309,"(18, 135, 253, 369)",0.998,-7.982,f
309,"(342, 156, 478, 292)",0.863,-18.164,f
309,"(598, 264, 766, 433)",0.74,14.054,m
310,"(867, 95, 1007, 234)",0.998,-8.337,f
310,"(27, 141, 258, 373)",0.995,-8.264,f
310,"(343, 158, 479, 294)",0.886,-18.416,f
310,"(600, 266, 766, 432)",0.747,14.335,m
311,"(866, 94, 1009, 237)",0.998,-8.397,f
311,"(32, 142, 268, 378)",0.994,-9.849,f
311,"(345, 160, 479, 294)",0.938,-17.628,f
311,"(603, 268, 766, 432)",0.763,13.652,m
312,"(869, 95, 1010, 236)",0.998,-7.992,f
312,"(32, 140, 270, 378)",0.991,-8.683,f
312,"(345, 163, 478, 295)",0.855,-17.208,f
312,"(606, 272, 767, 433)",0.754,13.667,m
313,"(870, 95, 1010, 236)",0.998,-8.264,f
313,"(42, 148, 272, 378)",0.993,-9.676,f
313,"(610, 272, 775, 437)",0.86,11.85,m
313,"(346, 163, 479, 296)",0.852,-18.328,f
314,"(870, 94, 1010, 235)",0.998,-7.837,f
314,"(45, 148, 273, 377)",0.997,-11.083,f
314,"(346, 163, 480, 297)",0.864,-17.741,f
314,"(608, 273, 774, 438)",0.842,12.55,m
315,"(44, 146, 279, 380)",0.999,-11.97,f
315,"(871, 94, 1009, 232)",0.999,-8.086,f
315,"(346, 163, 481, 298)",0.831,-18.164,f
315,"(604, 271, 772, 439)",0.791,13.517,m
316,"(47, 142, 284, 379)",1,-13.053,f
316,"(873, 95, 1009, 230)",0.999,-7.154,f
316,"(346, 164, 480, 297)",0.866,-17.822,f
316,"(606, 274, 771, 439)",0.856,13.392,m
317,"(876, 98, 1006, 227)",0.999,-8.307,f
317,"(46, 144, 285, 383)",0.999,-10.801,f
317,"(603, 273, 772, 442)",0.86,11.904,m
317,"(341, 165, 473, 297)",0.857,-17.792,f
318,"(878, 99, 1004, 225)",0.999,-7.642,f
318,"(47, 143, 288, 384)",0.998,-11.173,f
318,"(344, 173, 468, 297)",0.933,-15.997,f
318,"(603, 276, 773, 446)",0.874,12.356,m
319,"(878, 98, 1004, 224)",0.999,-9.073,f
319,"(51, 146, 288, 384)",0.999,-11.893,f
319,"(343, 171, 469, 298)",0.957,-16.861,f
319,"(605, 278, 775, 447)",0.872,10.112,m
320,"(878, 97, 1006, 225)",0.999,-7.13,f
320,"(53, 146, 291, 385)",0.998,-12.296,f
320,"(343, 171, 469, 297)",0.959,-16.753,f
320,"(606, 277, 778, 449)",0.877,10.552,m
321,"(54, 149, 292, 388)",0.999,-12.168,f
321,"(877, 96, 1008, 227)",0.999,-9.571,f
321,"(339, 167, 469, 297)",0.957,-15.156,f
321,"(606, 277, 778, 450)",0.854,11.809,m
322,"(876, 94, 1010, 228)",0.999,-10.756,f
322,"(52, 148, 290, 386)",0.998,-11.656,f
322,"(343, 171, 468, 297)",0.956,-15.676,f
322,"(605, 277, 779, 451)",0.84,10.856,m
323,"(875, 93, 1011, 229)",0.999,-10.068,f
323,"(57, 149, 292, 384)",0.994,-9.462,f
323,"(342, 171, 469, 297)",0.964,-15.663,f
323,"(605, 278, 778, 451)",0.845,11.574,m
324,"(875, 94, 1011, 230)",0.999,-11.486,f
324,"(56, 152, 287, 382)",0.992,-7.851,f
324,"(340, 170, 469, 298)",0.973,-17.147,f
324,"(606, 281, 775, 450)",0.823,10.534,m
325,"(873, 94, 1011, 231)",0.998,-11.273,f
325,"(59, 157, 280, 379)",0.984,-10.766,f
325,"(338, 169, 470, 301)",0.98,-18.989,f
325,"(606, 283, 773, 449)",0.814,11.422,m
326,"(873, 93, 1012, 232)",0.998,-10.469,f
326,"(336, 169, 469, 302)",0.986,-17.277,f
326,"(60, 160, 276, 376)",0.972,-13.87,f
326,"(607, 285, 770, 448)",0.872,12.426,m
327,"(872, 92, 1012, 232)",0.999,-10.739,f
327,"(335, 168, 468, 302)",0.99,-17.482,f
327,"(61, 159, 273, 372)",0.965,-12.426,f
327,"(607, 287, 768, 447)",0.875,12.203,m
328,"(872, 92, 1012, 231)",0.999,-11.37,f
328,"(334, 167, 468, 301)",0.992,-16.44,f
328,"(608, 287, 768, 447)",0.887,10.878,m
328,"(64, 169, 265, 370)",0.829,-12.459,f
329,"(874, 92, 1010, 229)",0.998,-11.344,f
329,"(334, 168, 464, 299)",0.991,-18.56,f
329,"(608, 287, 768, 447)",0.891,11.988,m
329,"(64, 170, 261, 367)",0.668,-10.767,f
330,"(874, 92, 1009, 227)",0.998,-12.513,f
330,"(335, 167, 463, 295)",0.992,-18.17,f
330,"(609, 285, 769, 446)",0.861,10.891,m
331,"(875, 90, 1009, 224)",0.997,-13.296,f
331,"(332, 162, 464, 294)",0.996,-18.481,f
331,"(608, 282, 773, 446)",0.871,12.316,m
332,"(330, 157, 465, 292)",0.997,-18.353,f
332,"(871, 87, 1008, 223)",0.996,-14.509,f
332,"(606, 278, 775, 447)",0.895,10.373,m
333,"(333, 157, 465, 290)",0.998,-17.347,f
333,"(872, 84, 1008, 221)",0.997,-13.177,f
333,"(609, 277, 774, 443)",0.902,12.049,m
334,"(334, 154, 465, 285)",0.998,-18.566,f
334,"(873, 83, 1007, 217)",0.997,-12.064,f
334,"(610, 274, 775, 440)",0.895,11.846,m
335,"(872, 81, 1007, 216)",0.998,-11.708,f
335,"(334, 152, 464, 282)",0.998,-18.073,f
335,"(610, 272, 778, 440)",0.888,11.705,m
336,"(871, 80, 1007, 216)",0.998,-12.899,f
336,"(335, 149, 462, 276)",0.994,-18.209,f
336,"(605, 262, 789, 446)",0.866,12.278,m
337,"(871, 78, 1007, 214)",0.999,-10.596,f
337,"(337, 149, 461, 273)",0.992,-18.643,f
337,"(606, 262, 790, 445)",0.857,12.083,m
338,"(870, 77, 1007, 214)",0.999,-11.346,f
338,"(338, 147, 461, 271)",0.993,-19.656,f
338,"(607, 261, 790, 445)",0.883,11.761,m
339,"(869, 75, 1006, 213)",0.998,-9.098,f
339,"(336, 144, 463, 272)",0.997,-16.535,f
339,"(607, 261, 790, 444)",0.882,11.927,m
340,"(869, 74, 1005, 210)",0.999,-9.911,f
340,"(336, 141, 464, 269)",0.998,-17.029,f
340,"(607, 262, 788, 443)",0.888,13.055,m
340,"(15, 138, 208, 330)",0.745,-10.614,f
341,"(867, 73, 1005, 211)",0.999,-10.541,f
341,"(334, 138, 466, 270)",0.996,-15.715,f
341,"(607, 261, 788, 442)",0.866,13.404,m
341,"(10, 139, 196, 325)",0.738,-12.057,f
342,"(865, 71, 1004, 210)",0.998,-10.431,f
342,"(336, 137, 469, 270)",0.992,-16.058,f
342,"(608, 261, 789, 441)",0.875,12.615,m
343,"(865, 71, 1004, 209)",0.998,-9.912,f
343,"(338, 137, 469, 268)",0.992,-15.995,f
343,"(-7, 137, 180, 325)",0.888,-10.706,f
343,"(609, 261, 789, 441)",0.886,11.641,m
344,"(865, 70, 1003, 208)",0.998,-8.083,f
344,"(338, 136, 471, 268)",0.989,-16.516,f
344,"(609, 262, 789, 441)",0.888,12.256,m
345,"(866, 70, 1003, 207)",0.998,-12.179,f
345,"(339, 134, 471, 266)",0.991,-16.989,f
345,"(610, 262, 789, 441)",0.898,11.548,m
346,"(868, 70, 1003, 204)",0.997,-12.203,f
346,"(341, 134, 469, 262)",0.989,-16.247,f
346,"(610, 262, 789, 441)",0.914,10.903,m
347,"(869, 68, 1005, 204)",0.997,-12.437,f
347,"(338, 132, 467, 261)",0.987,-15.532,f
347,"(610, 261, 790, 440)",0.928,11.899,m
348,"(870, 67, 1007, 203)",0.995,-12.579,f
348,"(344, 133, 469, 258)",0.981,-16.684,f
348,"(611, 261, 790, 440)",0.932,11.965,m
349,"(871, 68, 1005, 202)",0.995,-12.586,f
349,"(337, 125, 470, 258)",0.97,-16.582,f
349,"(611, 261, 791, 441)",0.937,11.992,m
350,"(873, 67, 1006, 201)",0.996,-13.051,f
350,"(336, 122, 473, 259)",0.962,-17.242,f
350,"(612, 261, 791, 439)",0.947,12.538,m
351,"(875, 66, 1008, 198)",0.996,-11.606,f
351,"(334, 115, 480, 261)",0.97,-17.967,f
351,"(613, 261, 792, 440)",0.962,11.886,m
352,"(875, 64, 1011, 200)",0.995,-11.893,f
352,"(614, 261, 794, 441)",0.972,11.813,m
352,"(337, 114, 483, 261)",0.931,-17.959,f
353,"(875, 64, 1012, 201)",0.995,-11.445,f
353,"(614, 262, 794, 441)",0.975,12.403,m
353,"(337, 114, 483, 261)",0.926,-17.237,f
354,"(876, 65, 1011, 200)",0.996,-11.445,f
354,"(613, 262, 794, 443)",0.976,12.401,m
354,"(337, 114, 483, 261)",0.935,-18.285,f
355,"(877, 66, 1010, 199)",0.995,-12.194,f
355,"(613, 262, 794, 443)",0.974,12.53,m
355,"(338, 114, 483, 260)",0.951,-18.028,f
356,"(877, 66, 1010, 199)",0.995,-11.305,f
356,"(613, 262, 795, 444)",0.978,12.045,m
356,"(337, 114, 484, 260)",0.948,-18.149,f
357,"(876, 66, 1009, 198)",0.996,-9.151,f
357,"(613, 263, 795, 444)",0.981,11.919,m
357,"(337, 114, 484, 260)",0.941,-18.041,f
